SE_NM,SGG_NM,SPOT_NM,STA_NM,GRDNT_VAL,SLANT_GRD_CD
갯벌,서천군,선도리,선도리갯벌,20,B
갯바위,삼척시,갈남리,갈남해수욕장,20.01,B
방파제,울산시,방어진항,방어진항방파제,20.01,B
갯바위,부산시,이기대,이기대갯바위,20.03,B
방파제,울산시,방어진항,방어진항방파제,20.04,B
해수욕장,포항시,오도1리,오도리 해수욕장,20.06,B
갯바위,부산시,이기대,이기대갯바위,20.06,B
방파제,울산시,방어진항,방어진항방파제,20.07,B
갯바위,삼척시,갈남리,갈남해수욕장,20.08,B
갯바위,부안군,격포리,채석강,20.08,B
갯벌,태안군,방포항,할미할아비바위,20.09,B
갯바위,부산시,대변항,대변항 북측 갯바위,20.09,B
갯바위,삼척시,갈남리,갈남해수욕장,20.1,B
갯벌,서천군,선도리,선도리갯벌,20.1,B
갯벌,서천군,선도리,선도리갯벌,20.1,B
갯바위,삼척시,갈남리,갈남해수욕장,20.11,B
갯바위,부산시,대변항,대변항 북측 갯바위,20.12,B
갯벌,서천군,선도리,선도리갯벌,20.12,B
갯벌,태안군,방포항,할미할아비바위,20.13,B
방파제,울산시,방어진항,방어진항방파제,20.13,B
갯바위,삼척시,갈남리,갈남해수욕장,20.14,B
갯벌,태안군,방포항,할미할아비바위,20.14,B
방파제,울산시,방어진항,방어진항방파제,20.14,B
갯벌,서천군,선도리,선도리갯벌,20.14,B
갯벌,서천군,선도리,선도리갯벌,20.15,B
갯바위,부산시,이기대,이기대갯바위,20.17,B
갯벌,태안군,방포항,할미할아비바위,20.17,B
갯벌,태안군,방포항,할미할아비바위,20.2,B
갯바위,부산시,대변항,대변항 북측 갯바위,20.2,B
갯벌,태안군,방포항,할미할아비바위,20.22,B
갯벌,서천군,선도리,선도리갯벌,20.22,B
갯바위,삼척시,갈남리,갈남해수욕장,20.23,B
해수욕장,포항시,오도1리,오도리 해수욕장,20.24,B
갯바위,삼척시,갈남리,갈남해수욕장,20.25,B
갯바위,부산시,이기대,이기대갯바위,20.27,B
갯바위,부산시,이기대,이기대갯바위,20.28,B
갯바위,부산시,이기대,이기대갯바위,20.28,B
방파제,영덕군,축산항,축산방파제,20.28,B
갯벌,태안군,방포항,할미할아비바위,20.29,B
갯바위,부산시,대변항,대변항 북측 갯바위,20.29,B
갯바위,부산시,이기대,이기대갯바위,20.3,B
갯벌,태안군,방포항,할미할아비바위,20.3,B
갯바위,부산시,대변항,대변항 북측 갯바위,20.31,B
갯바위,부산시,대변항,대변항 북측 갯바위,20.31,B
갯벌,태안군,방포항,할미할아비바위,20.32,B
갯바위,부산시,대변항,대변항 북측 갯바위,20.32,B
갯벌,화성시,제부도,매바위,20.33,B
갯바위,부산시,대변항,대변항 북측 갯바위,20.33,B
갯벌,서천군,선도리,선도리갯벌,20.33,B
갯벌,서천군,선도리,선도리갯벌,20.33,B
방파제,영덕군,축산항,축산방파제,20.33,B
갯바위,삼척시,갈남리,갈남해수욕장,20.34,B
해수욕장,포항시,오도1리,오도리 해수욕장,20.34,B
방파제,울산시,방어진항,방어진항방파제,20.34,B
갯바위,삼척시,갈남리,갈남해수욕장,20.36,B
갯바위,부산시,이기대,이기대갯바위,20.36,B
방파제,울산시,방어진항,방어진항방파제,20.38,B
갯벌,서천군,선도리,선도리갯벌,20.38,B
갯바위,부산시,대변항,대변항 북측 갯바위,20.39,B
갯바위,부산시,이기대,이기대갯바위,20.4,B
방파제,울산시,방어진항,방어진항방파제,20.4,B
갯바위,삼척시,갈남리,갈남해수욕장,20.41,B
갯벌,태안군,방포항,할미할아비바위,20.41,B
방파제,울산시,방어진항,방어진항방파제,20.41,B
갯벌,태안군,방포항,할미할아비바위,20.42,B
갯바위,삼척시,갈남리,갈남해수욕장,20.43,B
갯바위,부산시,이기대,이기대갯바위,20.43,B
갯벌,태안군,방포항,할미할아비바위,20.43,B
갯벌,태안군,방포항,할미할아비바위,20.43,B
갯바위,삼척시,갈남리,갈남해수욕장,20.44,B
갯바위,삼척시,갈남리,갈남해수욕장,20.44,B
갯바위,부산시,이기대,이기대갯바위,20.44,B
갯바위,부산시,이기대,이기대갯바위,20.44,B
갯벌,태안군,방포항,할미할아비바위,20.44,B
방파제,울산시,방어진항,방어진항방파제,20.46,B
방파제,울산시,방어진항,방어진항방파제,20.46,B
갯바위,부안군,격포리,채석강,20.46,B
갯바위,삼척시,갈남리,갈남해수욕장,20.47,B
해수욕장,포항시,오도1리,오도리 해수욕장,20.47,B
갯바위,부산시,이기대,이기대갯바위,20.47,B
해수욕장,포항시,오도1리,오도리 해수욕장,20.48,B
갯벌,서천군,선도리,선도리갯벌,20.48,B
방파제,영덕군,축산항,축산방파제,20.48,B
갯바위,삼척시,갈남리,갈남해수욕장,20.49,B
갯벌,태안군,방포항,할미할아비바위,20.52,B
갯바위,부산시,대변항,대변항 북측 갯바위,20.53,B
갯바위,부안군,격포리,채석강,20.53,B
갯바위,삼척시,갈남리,갈남해수욕장,20.54,B
갯바위,부산시,이기대,이기대갯바위,20.55,B
갯벌,서천군,선도리,선도리갯벌,20.55,B
갯바위,부안군,격포리,채석강,20.55,B
갯바위,삼척시,갈남리,갈남해수욕장,20.56,B
해수욕장,포항시,오도1리,오도리 해수욕장,20.58,B
갯바위,부산시,이기대,이기대갯바위,20.58,B
갯바위,부산시,이기대,이기대갯바위,20.58,B
갯바위,부산시,이기대,이기대갯바위,20.58,B
해수욕장,포항시,오도1리,오도리 해수욕장,20.59,B
갯벌,태안군,방포항,할미할아비바위,20.6,B
방파제,영덕군,축산항,축산방파제,20.6,B
갯바위,삼척시,갈남리,갈남해수욕장,20.61,B
해수욕장,포항시,오도1리,오도리 해수욕장,20.61,B
갯벌,태안군,방포항,할미할아비바위,20.61,B
갯벌,태안군,방포항,할미할아비바위,20.61,B
갯벌,서천군,선도리,선도리갯벌,20.61,B
갯바위,부산시,대변항,대변항 북측 갯바위,20.62,B
갯바위,부산시,대변항,대변항 북측 갯바위,20.62,B
방파제,울산시,방어진항,방어진항방파제,20.64,B
방파제,영덕군,축산항,축산방파제,20.64,B
갯바위,부산시,이기대,이기대갯바위,20.65,B
방파제,울산시,방어진항,방어진항방파제,20.65,B
갯바위,부산시,대변항,대변항 북측 갯바위,20.67,B
갯벌,서천군,선도리,선도리갯벌,20.67,B
갯벌,태안군,방포항,할미할아비바위,20.68,B
방파제,영덕군,축산항,축산방파제,20.68,B
갯바위,부산시,이기대,이기대갯바위,20.69,B
갯벌,태안군,방포항,할미할아비바위,20.69,B
방파제,영덕군,축산항,축산방파제,20.69,B
갯바위,부산시,대변항,대변항 북측 갯바위,20.7,B
갯바위,부산시,대변항,대변항 북측 갯바위,20.7,B
갯바위,부산시,대변항,대변항 북측 갯바위,20.7,B
방파제,울산시,방어진항,방어진항방파제,20.7,B
갯바위,부산시,이기대,이기대갯바위,20.71,B
해수욕장,포항시,오도1리,오도리 해수욕장,20.72,B
갯벌,태안군,방포항,할미할아비바위,20.72,B
갯벌,태안군,방포항,할미할아비바위,20.72,B
갯바위,부산시,이기대,이기대갯바위,20.73,B
갯바위,부산시,대변항,대변항 북측 갯바위,20.74,B
갯바위,부안군,격포리,채석강,20.74,B
갯바위,삼척시,갈남리,갈남해수욕장,20.75,B
갯벌,서천군,선도리,선도리갯벌,20.75,B
갯벌,서천군,선도리,선도리갯벌,20.75,B
갯바위,삼척시,갈남리,갈남해수욕장,20.76,B
갯벌,태안군,방포항,할미할아비바위,20.77,B
갯바위,부산시,대변항,대변항 북측 갯바위,20.77,B
방파제,영덕군,축산항,축산방파제,20.77,B
갯바위,부산시,이기대,이기대갯바위,20.78,B
갯벌,태안군,방포항,할미할아비바위,20.78,B
갯바위,삼척시,갈남리,갈남해수욕장,20.8,B
갯벌,태안군,방포항,할미할아비바위,20.8,B
갯바위,부산시,이기대,이기대갯바위,20.81,B
갯벌,태안군,방포항,할미할아비바위,20.81,B
해수욕장,포항시,오도1리,오도리 해수욕장,20.82,B
방파제,울산시,방어진항,방어진항방파제,20.84,B
방파제,영덕군,축산항,축산방파제,20.84,B
해수욕장,포항시,오도1리,오도리 해수욕장,20.85,B
방파제,울산시,방어진항,방어진항방파제,20.86,B
갯바위,삼척시,갈남리,갈남해수욕장,20.88,B
갯벌,서천군,선도리,선도리갯벌,20.89,B
갯바위,삼척시,갈남리,갈남해수욕장,20.9,B
갯바위,부산시,대변항,대변항 북측 갯바위,20.9,B
갯벌,서천군,선도리,선도리갯벌,20.91,B
갯벌,태안군,방포항,할미할아비바위,20.92,B
방파제,영덕군,축산항,축산방파제,20.92,B
갯바위,부산시,이기대,이기대갯바위,20.93,B
갯벌,태안군,방포항,할미할아비바위,20.93,B
갯바위,부산시,이기대,이기대갯바위,20.94,B
갯벌,태안군,방포항,할미할아비바위,20.94,B
갯바위,부안군,격포리,채석강,20.95,B
갯바위,부산시,이기대,이기대갯바위,20.96,B
갯바위,부산시,대변항,대변항 북측 갯바위,20.96,B
방파제,영덕군,축산항,축산방파제,20.96,B
방파제,울산시,방어진항,방어진항방파제,20.98,B
갯벌,서천군,선도리,선도리갯벌,20.98,B
갯바위,부산시,대변항,대변항 북측 갯바위,20.99,B
갯바위,삼척시,갈남리,갈남해수욕장,21,B
갯바위,부산시,대변항,대변항 북측 갯바위,21,B
방파제,영덕군,축산항,축산방파제,21,B
방파제,울산시,방어진항,방어진항방파제,21.02,B
갯바위,부산시,이기대,이기대갯바위,21.03,B
갯벌,태안군,방포항,할미할아비바위,21.03,B
갯벌,태안군,방포항,할미할아비바위,21.03,B
갯바위,부산시,대변항,대변항 북측 갯바위,21.03,B
갯바위,부산시,대변항,대변항 북측 갯바위,21.03,B
갯바위,부산시,대변항,대변항 북측 갯바위,21.04,B
갯벌,서천군,선도리,선도리갯벌,21.04,B
갯벌,서천군,선도리,선도리갯벌,21.04,B
해수욕장,포항시,오도1리,오도리 해수욕장,21.05,B
갯벌,태안군,방포항,할미할아비바위,21.05,B
갯바위,삼척시,갈남리,갈남해수욕장,21.06,B
갯벌,태안군,방포항,할미할아비바위,21.06,B
갯바위,삼척시,갈남리,갈남해수욕장,21.07,B
갯벌,서천군,선도리,선도리갯벌,21.07,B
갯바위,부산시,이기대,이기대갯바위,21.08,B
갯바위,부산시,이기대,이기대갯바위,21.08,B
방파제,영덕군,축산항,축산방파제,21.08,B
갯바위,부산시,대변항,대변항 북측 갯바위,21.11,B
방파제,울산시,방어진항,방어진항방파제,21.11,B
방파제,영덕군,축산항,축산방파제,21.11,B
갯벌,태안군,방포항,할미할아비바위,21.12,B
갯바위,부산시,이기대,이기대갯바위,21.13,B
갯바위,삼척시,갈남리,갈남해수욕장,21.14,B
갯바위,부산시,이기대,이기대갯바위,21.14,B
갯벌,서천군,선도리,선도리갯벌,21.15,B
갯벌,태안군,방포항,할미할아비바위,21.16,B
갯바위,부산시,대변항,대변항 북측 갯바위,21.16,B
갯바위,부산시,대변항,대변항 북측 갯바위,21.18,B
갯바위,부산시,이기대,이기대갯바위,21.19,B
갯벌,태안군,방포항,할미할아비바위,21.19,B
갯바위,삼척시,갈남리,갈남해수욕장,21.2,B
해수욕장,포항시,오도1리,오도리 해수욕장,21.21,B
갯바위,삼척시,갈남리,갈남해수욕장,21.22,B
갯벌,태안군,방포항,할미할아비바위,21.25,B
갯바위,삼척시,갈남리,갈남해수욕장,21.26,B
방파제,울산시,방어진항,방어진항방파제,21.26,B
갯바위,부산시,이기대,이기대갯바위,21.27,B
갯바위,부산시,이기대,이기대갯바위,21.27,B
갯벌,태안군,방포항,할미할아비바위,21.27,B
갯벌,서천군,선도리,선도리갯벌,21.28,B
방파제,영덕군,축산항,축산방파제,21.28,B
갯바위,삼척시,갈남리,갈남해수욕장,21.29,B
갯바위,부산시,이기대,이기대갯바위,21.29,B
갯바위,부산시,이기대,이기대갯바위,21.29,B
갯바위,부안군,격포리,채석강,21.29,B
해수욕장,포항시,오도1리,오도리 해수욕장,21.3,B
갯바위,부산시,이기대,이기대갯바위,21.3,B
방파제,영덕군,축산항,축산방파제,21.3,B
갯바위,부산시,이기대,이기대갯바위,21.31,B
갯바위,부산시,이기대,이기대갯바위,21.33,B
갯벌,태안군,방포항,할미할아비바위,21.33,B
갯벌,태안군,방포항,할미할아비바위,21.33,B
갯바위,부산시,이기대,이기대갯바위,21.35,B
갯바위,부산시,대변항,대변항 북측 갯바위,21.35,B
갯바위,부산시,이기대,이기대갯바위,21.36,B
갯벌,태안군,방포항,할미할아비바위,21.36,B
갯바위,부산시,대변항,대변항 북측 갯바위,21.36,B
갯벌,서천군,선도리,선도리갯벌,21.36,B
갯바위,부산시,대변항,대변항 북측 갯바위,21.37,B
갯바위,부산시,대변항,대변항 북측 갯바위,21.38,B
갯바위,부산시,대변항,대변항 북측 갯바위,21.39,B
방파제,울산시,방어진항,방어진항방파제,21.39,B
방파제,울산시,방어진항,방어진항방파제,21.4,B
갯바위,부안군,격포리,채석강,21.41,B
해수욕장,포항시,오도1리,오도리 해수욕장,21.42,B
갯바위,부산시,이기대,이기대갯바위,21.42,B
갯바위,부산시,대변항,대변항 북측 갯바위,21.42,B
방파제,울산시,방어진항,방어진항방파제,21.42,B
갯벌,태안군,방포항,할미할아비바위,21.44,B
갯벌,태안군,방포항,할미할아비바위,21.45,B
갯벌,서천군,선도리,선도리갯벌,21.45,B
방파제,영덕군,축산항,축산방파제,21.45,B
갯벌,태안군,방포항,할미할아비바위,21.46,B
갯바위,부산시,대변항,대변항 북측 갯바위,21.46,B
갯바위,부산시,이기대,이기대갯바위,21.47,B
갯벌,태안군,방포항,할미할아비바위,21.47,B
방파제,영덕군,축산항,축산방파제,21.47,B
갯바위,삼척시,갈남리,갈남해수욕장,21.48,B
갯바위,부산시,이기대,이기대갯바위,21.48,B
방파제,울산시,방어진항,방어진항방파제,21.48,B
갯바위,부산시,이기대,이기대갯바위,21.49,B
방파제,영덕군,축산항,축산방파제,21.49,B
방파제,영덕군,축산항,축산방파제,21.51,B
갯바위,삼척시,갈남리,갈남해수욕장,21.53,B
갯바위,부산시,이기대,이기대갯바위,21.53,B
방파제,울산시,방어진항,방어진항방파제,21.53,B
방파제,울산시,방어진항,방어진항방파제,21.55,B
갯바위,부안군,격포리,채석강,21.56,B
갯바위,삼척시,갈남리,갈남해수욕장,21.57,B
갯바위,부산시,이기대,이기대갯바위,21.57,B
갯바위,부산시,대변항,대변항 북측 갯바위,21.57,B
해수욕장,포항시,오도1리,오도리 해수욕장,21.59,B
방파제,울산시,방어진항,방어진항방파제,21.59,B
방파제,울산시,방어진항,방어진항방파제,21.59,B
갯바위,부산시,이기대,이기대갯바위,21.6,B
갯바위,부산시,이기대,이기대갯바위,21.61,B
방파제,영덕군,축산항,축산방파제,21.61,B
해수욕장,포항시,오도1리,오도리 해수욕장,21.62,B
갯바위,삼척시,갈남리,갈남해수욕장,21.63,B
갯벌,태안군,방포항,할미할아비바위,21.63,B
갯벌,태안군,방포항,할미할아비바위,21.64,B
갯바위,부산시,대변항,대변항 북측 갯바위,21.66,B
방파제,울산시,방어진항,방어진항방파제,21.66,B
방파제,울산시,방어진항,방어진항방파제,21.67,B
해수욕장,포항시,오도1리,오도리 해수욕장,21.68,B
갯바위,부산시,이기대,이기대갯바위,21.68,B
해수욕장,포항시,오도1리,오도리 해수욕장,21.69,B
방파제,울산시,방어진항,방어진항방파제,21.69,B
갯벌,서천군,선도리,선도리갯벌,21.69,B
갯바위,부산시,이기대,이기대갯바위,21.7,B
해수욕장,포항시,오도1리,오도리 해수욕장,21.71,B
갯벌,서천군,선도리,선도리갯벌,21.71,B
갯벌,서천군,선도리,선도리갯벌,21.72,B
갯바위,삼척시,갈남리,갈남해수욕장,21.73,B
갯벌,태안군,방포항,할미할아비바위,21.73,B
방파제,영덕군,축산항,축산방파제,21.74,B
갯바위,부산시,이기대,이기대갯바위,21.76,B
갯벌,태안군,방포항,할미할아비바위,21.78,B
갯벌,서천군,선도리,선도리갯벌,21.78,B
해수욕장,포항시,오도1리,오도리 해수욕장,21.8,B
해수욕장,포항시,오도1리,오도리 해수욕장,21.8,B
갯벌,서천군,선도리,선도리갯벌,21.82,B
갯바위,삼척시,갈남리,갈남해수욕장,21.83,B
갯벌,태안군,방포항,할미할아비바위,21.83,B
갯바위,부산시,대변항,대변항 북측 갯바위,21.83,B
방파제,울산시,방어진항,방어진항방파제,21.83,B
방파제,영덕군,축산항,축산방파제,21.84,B
갯바위,부산시,이기대,이기대갯바위,21.85,B
갯바위,부산시,대변항,대변항 북측 갯바위,21.85,B
갯바위,부안군,격포리,채석강,21.85,B
갯바위,삼척시,갈남리,갈남해수욕장,21.86,B
방파제,울산시,방어진항,방어진항방파제,21.86,B
갯바위,삼척시,갈남리,갈남해수욕장,21.87,B
갯바위,부산시,이기대,이기대갯바위,21.87,B
갯바위,부산시,대변항,대변항 북측 갯바위,21.87,B
갯바위,삼척시,갈남리,갈남해수욕장,21.88,B
방파제,울산시,방어진항,방어진항방파제,21.89,B
갯바위,부산시,이기대,이기대갯바위,21.9,B
갯바위,부산시,이기대,이기대갯바위,21.9,B
갯벌,태안군,방포항,할미할아비바위,21.9,B
방파제,울산시,방어진항,방어진항방파제,21.9,B
갯바위,삼척시,갈남리,갈남해수욕장,21.91,B
갯바위,삼척시,갈남리,갈남해수욕장,21.92,B
갯바위,부산시,이기대,이기대갯바위,21.92,B
갯바위,부산시,이기대,이기대갯바위,21.93,B
방파제,울산시,방어진항,방어진항방파제,21.93,B
갯벌,서천군,선도리,선도리갯벌,21.93,B
방파제,영덕군,축산항,축산방파제,21.94,B
갯바위,부산시,이기대,이기대갯바위,21.95,B
갯벌,태안군,방포항,할미할아비바위,21.96,B
갯벌,태안군,방포항,할미할아비바위,21.96,B
갯바위,부산시,대변항,대변항 북측 갯바위,21.96,B
갯바위,삼척시,갈남리,갈남해수욕장,21.99,B
갯바위,부산시,이기대,이기대갯바위,21.99,B
갯바위,부안군,격포리,채석강,22,B
갯바위,삼척시,갈남리,갈남해수욕장,22.01,B
갯벌,서천군,선도리,선도리갯벌,22.01,B
갯바위,삼척시,갈남리,갈남해수욕장,22.03,B
방파제,울산시,방어진항,방어진항방파제,22.03,B
갯바위,삼척시,갈남리,갈남해수욕장,22.05,B
갯바위,부산시,이기대,이기대갯바위,22.06,B
갯바위,삼척시,갈남리,갈남해수욕장,22.07,B
갯벌,태안군,방포항,할미할아비바위,22.07,B
방파제,울산시,방어진항,방어진항방파제,22.07,B
해수욕장,포항시,오도1리,오도리 해수욕장,22.08,B
갯바위,부산시,이기대,이기대갯바위,22.09,B
갯벌,태안군,방포항,할미할아비바위,22.09,B
갯바위,부산시,이기대,이기대갯바위,22.1,B
갯바위,부산시,대변항,대변항 북측 갯바위,22.1,B
갯바위,부산시,이기대,이기대갯바위,22.11,B
해수욕장,포항시,오도1리,오도리 해수욕장,22.12,B
갯바위,부산시,이기대,이기대갯바위,22.12,B
갯바위,삼척시,갈남리,갈남해수욕장,22.13,B
갯바위,부산시,이기대,이기대갯바위,22.15,B
갯벌,태안군,방포항,할미할아비바위,22.15,B
방파제,울산시,방어진항,방어진항방파제,22.16,B
해수욕장,포항시,오도1리,오도리 해수욕장,22.17,B
갯바위,부산시,대변항,대변항 북측 갯바위,22.17,B
해수욕장,포항시,오도1리,오도리 해수욕장,22.19,B
방파제,울산시,방어진항,방어진항방파제,22.19,B
방파제,울산시,방어진항,방어진항방파제,22.19,B
갯바위,부산시,이기대,이기대갯바위,22.2,B
갯바위,부산시,대변항,대변항 북측 갯바위,22.2,B
갯바위,삼척시,갈남리,갈남해수욕장,22.21,B
갯바위,부산시,이기대,이기대갯바위,22.21,B
갯바위,부산시,이기대,이기대갯바위,22.21,B
갯바위,부산시,대변항,대변항 북측 갯바위,22.21,B
갯바위,부산시,대변항,대변항 북측 갯바위,22.21,B
갯바위,삼척시,갈남리,갈남해수욕장,22.22,B
갯벌,태안군,방포항,할미할아비바위,22.23,B
방파제,울산시,방어진항,방어진항방파제,22.23,B
갯벌,태안군,방포항,할미할아비바위,22.24,B
갯바위,삼척시,갈남리,갈남해수욕장,22.25,B
해수욕장,포항시,오도1리,오도리 해수욕장,22.25,B
갯벌,태안군,방포항,할미할아비바위,22.25,B
해수욕장,포항시,오도1리,오도리 해수욕장,22.27,B
해수욕장,포항시,오도1리,오도리 해수욕장,22.27,B
갯벌,태안군,방포항,할미할아비바위,22.27,B
갯바위,부산시,대변항,대변항 북측 갯바위,22.27,B
방파제,울산시,방어진항,방어진항방파제,22.27,B
방파제,울산시,방어진항,방어진항방파제,22.27,B
갯바위,부산시,이기대,이기대갯바위,22.29,B
갯벌,태안군,방포항,할미할아비바위,22.29,B
갯바위,삼척시,갈남리,갈남해수욕장,22.31,B
갯바위,삼척시,갈남리,갈남해수욕장,22.31,B
갯벌,태안군,방포항,할미할아비바위,22.31,B
갯바위,부산시,이기대,이기대갯바위,22.32,B
갯바위,삼척시,갈남리,갈남해수욕장,22.33,B
갯바위,부산시,이기대,이기대갯바위,22.33,B
갯벌,태안군,방포항,할미할아비바위,22.33,B
갯바위,부산시,대변항,대변항 북측 갯바위,22.33,B
갯바위,부산시,대변항,대변항 북측 갯바위,22.33,B
갯바위,부안군,격포리,채석강,22.35,B
갯벌,태안군,방포항,할미할아비바위,22.36,B
해수욕장,포항시,오도1리,오도리 해수욕장,22.37,B
갯벌,태안군,방포항,할미할아비바위,22.37,B
갯바위,부산시,대변항,대변항 북측 갯바위,22.37,B
갯바위,부산시,대변항,대변항 북측 갯바위,22.39,B
갯벌,태안군,방포항,할미할아비바위,22.4,B
방파제,울산시,방어진항,방어진항방파제,22.4,B
갯바위,부산시,이기대,이기대갯바위,22.41,B
갯바위,삼척시,갈남리,갈남해수욕장,22.42,B
갯벌,태안군,방포항,할미할아비바위,22.42,B
갯바위,부산시,대변항,대변항 북측 갯바위,22.42,B
갯바위,삼척시,갈남리,갈남해수욕장,22.43,B
갯바위,부산시,이기대,이기대갯바위,22.43,B
갯바위,부산시,이기대,이기대갯바위,22.44,B
갯바위,부안군,격포리,채석강,22.45,B
갯바위,삼척시,갈남리,갈남해수욕장,22.46,B
갯바위,부산시,이기대,이기대갯바위,22.46,B
갯바위,부산시,대변항,대변항 북측 갯바위,22.46,B
방파제,울산시,방어진항,방어진항방파제,22.47,B
갯벌,서천군,선도리,선도리갯벌,22.47,B
갯벌,태안군,방포항,할미할아비바위,22.48,B
갯바위,부산시,이기대,이기대갯바위,22.51,B
방파제,울산시,방어진항,방어진항방파제,22.51,B
해수욕장,포항시,오도1리,오도리 해수욕장,22.52,B
해수욕장,포항시,오도1리,오도리 해수욕장,22.53,B
방파제,울산시,방어진항,방어진항방파제,22.53,B
갯바위,삼척시,갈남리,갈남해수욕장,22.55,B
갯바위,부산시,이기대,이기대갯바위,22.55,B
갯바위,부안군,격포리,채석강,22.55,B
갯바위,부산시,이기대,이기대갯바위,22.57,B
방파제,영덕군,축산항,축산방파제,22.57,B
갯벌,태안군,방포항,할미할아비바위,22.58,B
해수욕장,포항시,오도1리,오도리 해수욕장,22.59,B
갯벌,태안군,방포항,할미할아비바위,22.59,B
갯벌,태안군,방포항,할미할아비바위,22.59,B
갯바위,삼척시,갈남리,갈남해수욕장,22.6,B
갯바위,부산시,이기대,이기대갯바위,22.6,B
갯바위,부산시,이기대,이기대갯바위,22.61,B
갯바위,삼척시,갈남리,갈남해수욕장,22.62,B
갯바위,부산시,이기대,이기대갯바위,22.62,B
방파제,영덕군,축산항,축산방파제,22.62,B
갯바위,부산시,이기대,이기대갯바위,22.63,B
갯바위,부산시,대변항,대변항 북측 갯바위,22.63,B
방파제,영덕군,축산항,축산방파제,22.64,B
갯바위,부산시,대변항,대변항 북측 갯바위,22.66,B
갯바위,부산시,대변항,대변항 북측 갯바위,22.67,B
갯바위,삼척시,갈남리,갈남해수욕장,22.68,B
해수욕장,포항시,오도1리,오도리 해수욕장,22.68,B
갯바위,삼척시,갈남리,갈남해수욕장,22.7,B
갯바위,부산시,이기대,이기대갯바위,22.7,B
갯벌,서천군,선도리,선도리갯벌,22.73,B
해수욕장,포항시,오도1리,오도리 해수욕장,22.74,B
해수욕장,포항시,오도1리,오도리 해수욕장,22.76,B
방파제,울산시,방어진항,방어진항방파제,22.76,B
방파제,울산시,방어진항,방어진항방파제,22.78,B
갯바위,부산시,대변항,대변항 북측 갯바위,22.8,B
갯바위,부산시,대변항,대변항 북측 갯바위,22.8,B
방파제,영덕군,축산항,축산방파제,22.81,B
갯바위,삼척시,갈남리,갈남해수욕장,22.82,B
갯벌,태안군,방포항,할미할아비바위,22.82,B
갯벌,태안군,방포항,할미할아비바위,22.82,B
갯바위,삼척시,갈남리,갈남해수욕장,22.84,B
갯바위,부산시,이기대,이기대갯바위,22.85,B
갯바위,부산시,이기대,이기대갯바위,22.85,B
방파제,울산시,방어진항,방어진항방파제,22.85,B
갯벌,태안군,방포항,할미할아비바위,22.86,B
갯바위,부안군,격포리,채석강,22.86,B
방파제,영덕군,축산항,축산방파제,22.86,B
갯벌,태안군,방포항,할미할아비바위,22.87,B
갯바위,부산시,대변항,대변항 북측 갯바위,22.87,B
갯바위,부산시,이기대,이기대갯바위,22.88,B
갯벌,태안군,방포항,할미할아비바위,22.88,B
갯바위,삼척시,갈남리,갈남해수욕장,22.89,B
해수욕장,포항시,오도1리,오도리 해수욕장,22.89,B
해수욕장,포항시,오도1리,오도리 해수욕장,22.89,B
갯벌,태안군,방포항,할미할아비바위,22.89,B
갯벌,태안군,방포항,할미할아비바위,22.9,B
해수욕장,포항시,오도1리,오도리 해수욕장,22.91,B
갯벌,서천군,선도리,선도리갯벌,22.91,B
갯벌,태안군,방포항,할미할아비바위,22.93,B
갯바위,부산시,이기대,이기대갯바위,22.94,B
갯벌,태안군,방포항,할미할아비바위,22.95,B
갯벌,태안군,방포항,할미할아비바위,22.96,B
방파제,영덕군,축산항,축산방파제,22.96,B
갯바위,부산시,대변항,대변항 북측 갯바위,22.97,B
갯바위,부산시,대변항,대변항 북측 갯바위,22.97,B
방파제,울산시,방어진항,방어진항방파제,22.98,B
갯바위,부산시,이기대,이기대갯바위,22.99,B
갯바위,부산시,대변항,대변항 북측 갯바위,22.99,B
갯벌,서천군,선도리,선도리갯벌,22.99,B
갯바위,삼척시,갈남리,갈남해수욕장,23.01,B
갯바위,부산시,이기대,이기대갯바위,23.01,B
방파제,울산시,방어진항,방어진항방파제,23.01,B
갯바위,부안군,격포리,채석강,23.01,B
갯바위,삼척시,갈남리,갈남해수욕장,23.02,B
갯바위,부산시,대변항,대변항 북측 갯바위,23.02,B
갯바위,부산시,이기대,이기대갯바위,23.04,B
갯벌,태안군,방포항,할미할아비바위,23.04,B
갯바위,부산시,대변항,대변항 북측 갯바위,23.05,B
갯바위,부산시,대변항,대변항 북측 갯바위,23.07,B
갯바위,부산시,이기대,이기대갯바위,23.08,B
갯바위,삼척시,갈남리,갈남해수욕장,23.09,B
갯바위,부산시,대변항,대변항 북측 갯바위,23.09,B
갯벌,태안군,방포항,할미할아비바위,23.1,B
갯벌,태안군,방포항,할미할아비바위,23.1,B
갯바위,삼척시,갈남리,갈남해수욕장,23.11,B
갯바위,삼척시,갈남리,갈남해수욕장,23.11,B
갯바위,부산시,이기대,이기대갯바위,23.11,B
갯바위,부산시,이기대,이기대갯바위,23.12,B
갯바위,부산시,이기대,이기대갯바위,23.12,B
방파제,울산시,방어진항,방어진항방파제,23.12,B
갯벌,태안군,방포항,할미할아비바위,23.13,B
방파제,울산시,방어진항,방어진항방파제,23.13,B
갯바위,부산시,이기대,이기대갯바위,23.14,B
갯바위,부산시,대변항,대변항 북측 갯바위,23.14,B
방파제,영덕군,축산항,축산방파제,23.14,B
갯바위,부산시,이기대,이기대갯바위,23.15,B
갯바위,부산시,이기대,이기대갯바위,23.16,B
갯바위,부산시,대변항,대변항 북측 갯바위,23.16,B
갯벌,태안군,방포항,할미할아비바위,23.18,B
해수욕장,포항시,오도1리,오도리 해수욕장,23.2,B
갯벌,태안군,방포항,할미할아비바위,23.21,B
갯벌,태안군,방포항,할미할아비바위,23.21,B
방파제,울산시,방어진항,방어진항방파제,23.21,B
방파제,울산시,방어진항,방어진항방파제,23.22,B
해수욕장,포항시,오도1리,오도리 해수욕장,23.23,B
방파제,울산시,방어진항,방어진항방파제,23.23,B
갯바위,부산시,대변항,대변항 북측 갯바위,23.24,B
갯바위,부산시,이기대,이기대갯바위,23.25,B
갯바위,부산시,대변항,대변항 북측 갯바위,23.25,B
방파제,울산시,방어진항,방어진항방파제,23.25,B
갯바위,부산시,이기대,이기대갯바위,23.28,B
방파제,울산시,방어진항,방어진항방파제,23.28,B
방파제,울산시,방어진항,방어진항방파제,23.28,B
갯바위,부산시,이기대,이기대갯바위,23.29,B
방파제,영덕군,축산항,축산방파제,23.29,B
해수욕장,포항시,오도1리,오도리 해수욕장,23.3,B
갯바위,부산시,대변항,대변항 북측 갯바위,23.31,B
방파제,울산시,방어진항,방어진항방파제,23.31,B
갯벌,태안군,방포항,할미할아비바위,23.33,B
방파제,영덕군,축산항,축산방파제,23.33,B
방파제,영덕군,축산항,축산방파제,23.33,B
갯바위,부산시,이기대,이기대갯바위,23.34,B
방파제,울산시,방어진항,방어진항방파제,23.34,B
갯바위,부산시,이기대,이기대갯바위,23.37,B
방파제,울산시,방어진항,방어진항방파제,23.37,B
방파제,울산시,방어진항,방어진항방파제,23.39,B
갯벌,서천군,선도리,선도리갯벌,23.39,B
갯바위,삼척시,갈남리,갈남해수욕장,23.4,B
갯벌,서천군,선도리,선도리갯벌,23.41,B
방파제,울산시,방어진항,방어진항방파제,23.42,B
갯바위,부산시,대변항,대변항 북측 갯바위,23.43,B
방파제,울산시,방어진항,방어진항방파제,23.44,B
방파제,울산시,방어진항,방어진항방파제,23.46,B
갯바위,부산시,이기대,이기대갯바위,23.47,B
방파제,영덕군,축산항,축산방파제,23.47,B
갯바위,삼척시,갈남리,갈남해수욕장,23.48,B
갯바위,부산시,이기대,이기대갯바위,23.48,B
갯벌,태안군,방포항,할미할아비바위,23.48,B
갯바위,부산시,대변항,대변항 북측 갯바위,23.48,B
갯바위,삼척시,갈남리,갈남해수욕장,23.49,B
방파제,영덕군,축산항,축산방파제,23.49,B
갯바위,삼척시,갈남리,갈남해수욕장,23.5,B
갯바위,부산시,이기대,이기대갯바위,23.5,B
갯바위,삼척시,갈남리,갈남해수욕장,23.51,B
갯벌,태안군,방포항,할미할아비바위,23.51,B
방파제,울산시,방어진항,방어진항방파제,23.51,B
방파제,울산시,방어진항,방어진항방파제,23.51,B
방파제,영덕군,축산항,축산방파제,23.51,B
갯바위,부산시,이기대,이기대갯바위,23.52,B
갯벌,태안군,방포항,할미할아비바위,23.52,B
갯바위,부산시,대변항,대변항 북측 갯바위,23.52,B
갯바위,삼척시,갈남리,갈남해수욕장,23.54,B
갯바위,부산시,이기대,이기대갯바위,23.54,B
갯바위,부산시,대변항,대변항 북측 갯바위,23.54,B
갯바위,부산시,대변항,대변항 북측 갯바위,23.55,B
방파제,영덕군,축산항,축산방파제,23.55,B
갯벌,서천군,선도리,선도리갯벌,23.56,B
갯바위,부산시,대변항,대변항 북측 갯바위,23.57,B
방파제,울산시,방어진항,방어진항방파제,23.57,B
갯바위,삼척시,갈남리,갈남해수욕장,23.61,B
방파제,울산시,방어진항,방어진항방파제,23.61,B
갯벌,태안군,방포항,할미할아비바위,23.62,B
갯바위,부안군,격포리,채석강,23.62,B
갯벌,태안군,방포항,할미할아비바위,23.63,B
방파제,울산시,방어진항,방어진항방파제,23.63,B
갯바위,부산시,대변항,대변항 북측 갯바위,23.65,B
갯벌,서천군,선도리,선도리갯벌,23.65,B
방파제,영덕군,축산항,축산방파제,23.65,B
갯바위,삼척시,갈남리,갈남해수욕장,23.66,B
갯바위,부산시,대변항,대변항 북측 갯바위,23.67,B
갯벌,태안군,방포항,할미할아비바위,23.68,B
갯바위,삼척시,갈남리,갈남해수욕장,23.69,B
갯벌,태안군,방포항,할미할아비바위,23.69,B
갯벌,서천군,선도리,선도리갯벌,23.69,B
갯바위,부산시,이기대,이기대갯바위,23.7,B
갯바위,부산시,이기대,이기대갯바위,23.71,B
갯바위,부산시,이기대,이기대갯바위,23.71,B
갯벌,태안군,방포항,할미할아비바위,23.71,B
갯벌,태안군,방포항,할미할아비바위,23.72,B
방파제,영덕군,축산항,축산방파제,23.72,B
갯바위,부산시,이기대,이기대갯바위,23.73,B
갯바위,부산시,이기대,이기대갯바위,23.74,B
방파제,울산시,방어진항,방어진항방파제,23.74,B
방파제,영덕군,축산항,축산방파제,23.74,B
방파제,울산시,방어진항,방어진항방파제,23.75,B
갯바위,삼척시,갈남리,갈남해수욕장,23.76,B
해수욕장,포항시,오도1리,오도리 해수욕장,23.78,B
갯바위,부안군,격포리,채석강,23.78,B
갯바위,부산시,이기대,이기대갯바위,23.79,B
갯바위,부산시,대변항,대변항 북측 갯바위,23.8,B
갯바위,부산시,대변항,대변항 북측 갯바위,23.8,B
방파제,울산시,방어진항,방어진항방파제,23.8,B
갯바위,부산시,대변항,대변항 북측 갯바위,23.81,B
갯벌,서천군,선도리,선도리갯벌,23.81,B
갯바위,부산시,대변항,대변항 북측 갯바위,23.82,B
갯바위,부산시,대변항,대변항 북측 갯바위,23.82,B
갯바위,삼척시,갈남리,갈남해수욕장,23.83,B
갯바위,부산시,대변항,대변항 북측 갯바위,23.84,B
갯벌,서천군,선도리,선도리갯벌,23.84,B
갯벌,서천군,선도리,선도리갯벌,23.84,B
갯바위,부산시,대변항,대변항 북측 갯바위,23.86,B
갯바위,부산시,대변항,대변항 북측 갯바위,23.87,B
갯바위,부안군,격포리,채석강,23.87,B
방파제,울산시,방어진항,방어진항방파제,23.88,B
갯벌,서천군,선도리,선도리갯벌,23.88,B
갯벌,태안군,방포항,할미할아비바위,23.89,B
갯바위,부산시,대변항,대변항 북측 갯바위,23.89,B
갯바위,삼척시,갈남리,갈남해수욕장,23.9,B
갯바위,부산시,이기대,이기대갯바위,23.9,B
갯바위,부산시,이기대,이기대갯바위,23.9,B
방파제,울산시,방어진항,방어진항방파제,23.9,B
방파제,울산시,방어진항,방어진항방파제,23.9,B
갯벌,태안군,방포항,할미할아비바위,23.92,B
갯바위,부산시,대변항,대변항 북측 갯바위,23.92,B
갯벌,태안군,방포항,할미할아비바위,23.93,B
갯바위,삼척시,갈남리,갈남해수욕장,23.94,B
갯벌,태안군,방포항,할미할아비바위,23.94,B
방파제,울산시,방어진항,방어진항방파제,23.94,B
방파제,울산시,방어진항,방어진항방파제,23.94,B
갯벌,서천군,선도리,선도리갯벌,23.94,B
해수욕장,포항시,오도1리,오도리 해수욕장,23.95,B
해수욕장,포항시,오도1리,오도리 해수욕장,23.96,B
갯벌,태안군,방포항,할미할아비바위,23.99,B
갯바위,부산시,대변항,대변항 북측 갯바위,23.99,B
갯바위,부산시,이기대,이기대갯바위,24.01,B
갯바위,부산시,이기대,이기대갯바위,24.02,B
갯벌,서천군,선도리,선도리갯벌,24.02,B
방파제,영덕군,축산항,축산방파제,24.03,B
해수욕장,포항시,오도1리,오도리 해수욕장,24.04,B
갯벌,화성시,제부도,매바위,24.04,B
갯벌,태안군,방포항,할미할아비바위,24.04,B
방파제,울산시,방어진항,방어진항방파제,24.05,B
갯바위,부산시,이기대,이기대갯바위,24.06,B
갯바위,삼척시,갈남리,갈남해수욕장,24.07,B
방파제,영덕군,축산항,축산방파제,24.07,B
갯바위,부산시,이기대,이기대갯바위,24.09,B
방파제,영덕군,축산항,축산방파제,24.09,B
갯바위,삼척시,갈남리,갈남해수욕장,24.1,B
갯바위,부산시,대변항,대변항 북측 갯바위,24.1,B
갯벌,서천군,선도리,선도리갯벌,24.1,B
방파제,영덕군,축산항,축산방파제,24.1,B
갯벌,태안군,방포항,할미할아비바위,24.11,B
방파제,울산시,방어진항,방어진항방파제,24.12,B
갯벌,서천군,선도리,선도리갯벌,24.13,B
갯바위,부산시,이기대,이기대갯바위,24.14,B
갯벌,태안군,방포항,할미할아비바위,24.14,B
갯바위,부산시,대변항,대변항 북측 갯바위,24.14,B
갯바위,삼척시,갈남리,갈남해수욕장,24.15,B
갯바위,부산시,이기대,이기대갯바위,24.15,B
방파제,영덕군,축산항,축산방파제,24.15,B
갯바위,삼척시,갈남리,갈남해수욕장,24.16,B
갯바위,삼척시,갈남리,갈남해수욕장,24.16,B
갯바위,부산시,대변항,대변항 북측 갯바위,24.17,B
갯바위,부산시,이기대,이기대갯바위,24.18,B
방파제,울산시,방어진항,방어진항방파제,24.18,B
방파제,영덕군,축산항,축산방파제,24.18,B
갯바위,부산시,이기대,이기대갯바위,24.19,B
갯바위,삼척시,갈남리,갈남해수욕장,24.2,B
갯바위,삼척시,갈남리,갈남해수욕장,24.21,B
갯바위,삼척시,갈남리,갈남해수욕장,24.22,B
갯바위,부산시,대변항,대변항 북측 갯바위,24.22,B
갯벌,태안군,방포항,할미할아비바위,24.23,B
갯바위,부산시,대변항,대변항 북측 갯바위,24.23,B
갯벌,태안군,방포항,할미할아비바위,24.25,B
갯바위,부산시,대변항,대변항 북측 갯바위,24.25,B
갯바위,부안군,격포리,채석강,24.25,B
갯벌,태안군,방포항,할미할아비바위,24.27,B
방파제,영덕군,축산항,축산방파제,24.27,B
갯바위,삼척시,갈남리,갈남해수욕장,24.28,B
갯바위,삼척시,갈남리,갈남해수욕장,24.29,B
갯바위,삼척시,갈남리,갈남해수욕장,24.3,B
방파제,영덕군,축산항,축산방파제,24.31,B
해수욕장,포항시,오도1리,오도리 해수욕장,24.32,B
갯벌,태안군,방포항,할미할아비바위,24.32,B
방파제,울산시,방어진항,방어진항방파제,24.32,B
갯바위,부안군,격포리,채석강,24.32,B
갯바위,부산시,이기대,이기대갯바위,24.34,B
갯벌,태안군,방포항,할미할아비바위,24.34,B
갯벌,태안군,방포항,할미할아비바위,24.34,B
갯바위,삼척시,갈남리,갈남해수욕장,24.35,B
방파제,울산시,방어진항,방어진항방파제,24.35,B
갯바위,부안군,격포리,채석강,24.35,B
갯바위,삼척시,갈남리,갈남해수욕장,24.37,B
방파제,영덕군,축산항,축산방파제,24.37,B
해수욕장,포항시,오도1리,오도리 해수욕장,24.38,B
갯바위,부산시,이기대,이기대갯바위,24.38,B
갯벌,서천군,선도리,선도리갯벌,24.39,B
갯바위,부산시,대변항,대변항 북측 갯바위,24.4,B
갯벌,태안군,방포항,할미할아비바위,24.42,B
갯바위,부산시,대변항,대변항 북측 갯바위,24.43,B
방파제,영덕군,축산항,축산방파제,24.46,B
갯바위,부산시,이기대,이기대갯바위,24.47,B
갯바위,부안군,격포리,채석강,24.47,B
갯바위,삼척시,갈남리,갈남해수욕장,24.5,B
갯바위,부산시,대변항,대변항 북측 갯바위,24.51,B
방파제,울산시,방어진항,방어진항방파제,24.52,B
갯바위,부산시,대변항,대변항 북측 갯바위,24.53,B
방파제,영덕군,축산항,축산방파제,24.53,B
갯바위,삼척시,갈남리,갈남해수욕장,24.55,B
해수욕장,포항시,오도1리,오도리 해수욕장,24.55,B
갯바위,부산시,이기대,이기대갯바위,24.55,B
갯바위,부산시,이기대,이기대갯바위,24.55,B
갯벌,태안군,방포항,할미할아비바위,24.56,B
방파제,울산시,방어진항,방어진항방파제,24.56,B
갯바위,부안군,격포리,채석강,24.56,B
갯바위,부산시,대변항,대변항 북측 갯바위,24.58,B
갯벌,서천군,선도리,선도리갯벌,24.58,B
갯벌,태안군,방포항,할미할아비바위,24.6,B
갯벌,태안군,방포항,할미할아비바위,24.61,B
해수욕장,포항시,오도1리,오도리 해수욕장,24.62,B
갯바위,부산시,이기대,이기대갯바위,24.62,B
갯벌,태안군,방포항,할미할아비바위,24.62,B
갯바위,부산시,대변항,대변항 북측 갯바위,24.62,B
갯벌,서천군,선도리,선도리갯벌,24.63,B
방파제,영덕군,축산항,축산방파제,24.64,B
갯바위,부산시,이기대,이기대갯바위,24.66,B
방파제,울산시,방어진항,방어진항방파제,24.67,B
방파제,영덕군,축산항,축산방파제,24.67,B
갯바위,삼척시,갈남리,갈남해수욕장,24.68,B
갯바위,부산시,대변항,대변항 북측 갯바위,24.68,B
해수욕장,포항시,오도1리,오도리 해수욕장,24.7,B
갯바위,부산시,이기대,이기대갯바위,24.7,B
갯벌,태안군,방포항,할미할아비바위,24.7,B
갯바위,부산시,이기대,이기대갯바위,24.71,B
갯바위,부산시,이기대,이기대갯바위,24.71,B
갯벌,태안군,방포항,할미할아비바위,24.71,B
방파제,울산시,방어진항,방어진항방파제,24.71,B
갯바위,부산시,대변항,대변항 북측 갯바위,24.72,B
방파제,울산시,방어진항,방어진항방파제,24.72,B
갯벌,태안군,방포항,할미할아비바위,24.75,B
갯바위,부산시,대변항,대변항 북측 갯바위,24.76,B
방파제,울산시,방어진항,방어진항방파제,24.76,B
갯벌,서천군,선도리,선도리갯벌,24.77,B
갯바위,삼척시,갈남리,갈남해수욕장,24.78,B
갯바위,삼척시,갈남리,갈남해수욕장,24.79,B
해수욕장,포항시,오도1리,오도리 해수욕장,24.79,B
갯바위,삼척시,갈남리,갈남해수욕장,24.8,B
갯바위,삼척시,갈남리,갈남해수욕장,24.8,B
갯바위,삼척시,갈남리,갈남해수욕장,24.81,B
해수욕장,포항시,오도1리,오도리 해수욕장,24.82,B
갯바위,부산시,이기대,이기대갯바위,24.82,B
갯바위,삼척시,갈남리,갈남해수욕장,24.83,B
갯바위,삼척시,갈남리,갈남해수욕장,24.83,B
해수욕장,포항시,오도1리,오도리 해수욕장,24.83,B
갯바위,부산시,이기대,이기대갯바위,24.84,B
방파제,울산시,방어진항,방어진항방파제,24.85,B
갯바위,부산시,대변항,대변항 북측 갯바위,24.86,B
갯바위,부산시,이기대,이기대갯바위,24.88,B
갯바위,부산시,대변항,대변항 북측 갯바위,24.89,B
갯바위,삼척시,갈남리,갈남해수욕장,24.9,B
갯바위,부산시,이기대,이기대갯바위,24.9,B
갯바위,삼척시,갈남리,갈남해수욕장,24.91,B
갯바위,삼척시,갈남리,갈남해수욕장,24.91,B
갯바위,부산시,이기대,이기대갯바위,24.91,B
갯바위,부산시,대변항,대변항 북측 갯바위,24.91,B
갯바위,부산시,대변항,대변항 북측 갯바위,24.92,B
갯벌,태안군,방포항,할미할아비바위,24.93,B
갯벌,태안군,방포항,할미할아비바위,24.93,B
방파제,울산시,방어진항,방어진항방파제,24.93,B
방파제,영덕군,축산항,축산방파제,24.93,B
갯바위,부산시,이기대,이기대갯바위,24.94,B
갯벌,태안군,방포항,할미할아비바위,24.94,B
갯벌,태안군,방포항,할미할아비바위,24.94,B
방파제,울산시,방어진항,방어진항방파제,24.94,B
갯바위,부산시,대변항,대변항 북측 갯바위,24.96,B
갯바위,부산시,대변항,대변항 북측 갯바위,24.98,B
방파제,영덕군,축산항,축산방파제,24.98,B
방파제,영덕군,축산항,축산방파제,24.98,B
갯바위,부산시,이기대,이기대갯바위,24.99,B
갯바위,부산시,이기대,이기대갯바위,24.99,B
방파제,영덕군,축산항,축산방파제,24.99,B
해수욕장,포항시,오도1리,오도리 해수욕장,25,B
갯바위,삼척시,갈남리,갈남해수욕장,25.01,B
갯바위,부산시,대변항,대변항 북측 갯바위,25.01,B
갯바위,삼척시,갈남리,갈남해수욕장,25.02,B
갯바위,삼척시,갈남리,갈남해수욕장,25.03,B
갯바위,삼척시,갈남리,갈남해수욕장,25.03,B
방파제,울산시,방어진항,방어진항방파제,25.03,B
해수욕장,포항시,오도1리,오도리 해수욕장,25.05,B
방파제,울산시,방어진항,방어진항방파제,25.06,B
방파제,영덕군,축산항,축산방파제,25.06,B
갯바위,부산시,이기대,이기대갯바위,25.07,B
갯바위,부산시,대변항,대변항 북측 갯바위,25.07,B
갯바위,부산시,이기대,이기대갯바위,25.08,B
갯벌,서천군,선도리,선도리갯벌,25.08,B
방파제,영덕군,축산항,축산방파제,25.08,B
해수욕장,포항시,오도1리,오도리 해수욕장,25.1,B
갯바위,부안군,격포리,채석강,25.1,B
갯바위,부산시,대변항,대변항 북측 갯바위,25.11,B
갯바위,부산시,이기대,이기대갯바위,25.15,B
갯벌,태안군,방포항,할미할아비바위,25.15,B
방파제,울산시,방어진항,방어진항방파제,25.15,B
갯벌,서천군,선도리,선도리갯벌,25.15,B
갯바위,삼척시,갈남리,갈남해수욕장,25.16,B
갯바위,삼척시,갈남리,갈남해수욕장,25.16,B
갯바위,부산시,대변항,대변항 북측 갯바위,25.17,B
갯바위,부산시,대변항,대변항 북측 갯바위,25.17,B
방파제,울산시,방어진항,방어진항방파제,25.17,B
갯바위,삼척시,갈남리,갈남해수욕장,25.22,B
갯벌,태안군,방포항,할미할아비바위,25.22,B
방파제,영덕군,축산항,축산방파제,25.22,B
해수욕장,포항시,오도1리,오도리 해수욕장,25.24,B
해수욕장,포항시,오도1리,오도리 해수욕장,25.25,B
갯바위,부산시,이기대,이기대갯바위,25.26,B
갯바위,부산시,대변항,대변항 북측 갯바위,25.26,B
갯바위,삼척시,갈남리,갈남해수욕장,25.27,B
갯바위,부산시,이기대,이기대갯바위,25.28,B
갯벌,태안군,방포항,할미할아비바위,25.28,B
방파제,영덕군,축산항,축산방파제,25.28,B
갯벌,태안군,방포항,할미할아비바위,25.29,B
갯벌,태안군,방포항,할미할아비바위,25.3,B
방파제,울산시,방어진항,방어진항방파제,25.3,B
갯바위,삼척시,갈남리,갈남해수욕장,25.31,B
갯바위,부산시,대변항,대변항 북측 갯바위,25.31,B
갯바위,삼척시,갈남리,갈남해수욕장,25.33,B
갯바위,부산시,이기대,이기대갯바위,25.33,B
갯바위,부안군,격포리,채석강,25.33,B
방파제,영덕군,축산항,축산방파제,25.35,B
갯벌,태안군,방포항,할미할아비바위,25.36,B
갯벌,태안군,방포항,할미할아비바위,25.37,B
방파제,울산시,방어진항,방어진항방파제,25.4,B
갯바위,부산시,이기대,이기대갯바위,25.41,B
갯바위,부산시,이기대,이기대갯바위,25.42,B
갯바위,삼척시,갈남리,갈남해수욕장,25.43,B
갯벌,태안군,방포항,할미할아비바위,25.43,B
방파제,영덕군,축산항,축산방파제,25.43,B
갯바위,부산시,대변항,대변항 북측 갯바위,25.46,B
방파제,울산시,방어진항,방어진항방파제,25.47,B
방파제,영덕군,축산항,축산방파제,25.47,B
갯바위,삼척시,갈남리,갈남해수욕장,25.48,B
해수욕장,포항시,오도1리,오도리 해수욕장,25.49,B
갯바위,부산시,대변항,대변항 북측 갯바위,25.5,B
갯바위,부산시,대변항,대변항 북측 갯바위,25.5,B
갯바위,부산시,대변항,대변항 북측 갯바위,25.51,B
방파제,울산시,방어진항,방어진항방파제,25.51,B
갯바위,삼척시,갈남리,갈남해수욕장,25.52,B
갯바위,부산시,이기대,이기대갯바위,25.53,B
갯바위,삼척시,갈남리,갈남해수욕장,25.54,B
갯벌,태안군,방포항,할미할아비바위,25.54,B
갯바위,부산시,대변항,대변항 북측 갯바위,25.54,B
방파제,울산시,방어진항,방어진항방파제,25.54,B
방파제,영덕군,축산항,축산방파제,25.54,B
방파제,영덕군,축산항,축산방파제,25.55,B
갯바위,부산시,이기대,이기대갯바위,25.56,B
갯벌,태안군,방포항,할미할아비바위,25.56,B
갯벌,태안군,방포항,할미할아비바위,25.56,B
해수욕장,포항시,오도1리,오도리 해수욕장,25.57,B
갯바위,부산시,이기대,이기대갯바위,25.57,B
갯벌,태안군,방포항,할미할아비바위,25.57,B
방파제,영덕군,축산항,축산방파제,25.58,B
갯바위,삼척시,갈남리,갈남해수욕장,25.59,B
갯벌,태안군,방포항,할미할아비바위,25.59,B
갯벌,태안군,방포항,할미할아비바위,25.59,B
갯벌,서천군,선도리,선도리갯벌,25.6,B
해수욕장,포항시,오도1리,오도리 해수욕장,25.61,B
갯벌,태안군,방포항,할미할아비바위,25.61,B
갯바위,삼척시,갈남리,갈남해수욕장,25.62,B
갯바위,부산시,이기대,이기대갯바위,25.62,B
갯바위,부산시,대변항,대변항 북측 갯바위,25.62,B
갯바위,삼척시,갈남리,갈남해수욕장,25.65,B
갯바위,삼척시,갈남리,갈남해수욕장,25.66,B
갯바위,부산시,대변항,대변항 북측 갯바위,25.67,B
해수욕장,포항시,오도1리,오도리 해수욕장,25.68,B
방파제,영덕군,축산항,축산방파제,25.7,B
갯바위,부산시,대변항,대변항 북측 갯바위,25.71,B
갯바위,부산시,대변항,대변항 북측 갯바위,25.71,B
갯바위,부안군,격포리,채석강,25.72,B
해수욕장,포항시,오도1리,오도리 해수욕장,25.73,B
해수욕장,포항시,오도1리,오도리 해수욕장,25.74,B
방파제,울산시,방어진항,방어진항방파제,25.74,B
방파제,울산시,방어진항,방어진항방파제,25.74,B
갯바위,삼척시,갈남리,갈남해수욕장,25.76,B
방파제,영덕군,축산항,축산방파제,25.76,B
갯벌,태안군,방포항,할미할아비바위,25.78,B
갯바위,부산시,대변항,대변항 북측 갯바위,25.78,B
갯바위,부산시,대변항,대변항 북측 갯바위,25.78,B
갯벌,태안군,방포항,할미할아비바위,25.8,B
갯바위,부산시,대변항,대변항 북측 갯바위,25.8,B
갯바위,부안군,격포리,채석강,25.8,B
갯바위,부산시,이기대,이기대갯바위,25.82,B
갯바위,삼척시,갈남리,갈남해수욕장,25.85,B
갯바위,부산시,대변항,대변항 북측 갯바위,25.87,B
갯바위,부산시,이기대,이기대갯바위,25.88,B
갯바위,부산시,대변항,대변항 북측 갯바위,25.89,B
방파제,울산시,방어진항,방어진항방파제,25.91,B
갯바위,부산시,이기대,이기대갯바위,25.92,B
갯바위,부산시,이기대,이기대갯바위,25.93,B
갯벌,태안군,방포항,할미할아비바위,25.93,B
갯바위,부산시,대변항,대변항 북측 갯바위,25.95,B
방파제,영덕군,축산항,축산방파제,25.96,B
갯바위,삼척시,갈남리,갈남해수욕장,25.97,B
갯바위,부안군,격포리,채석강,25.97,B
갯바위,삼척시,갈남리,갈남해수욕장,25.98,B
갯바위,부산시,대변항,대변항 북측 갯바위,25.98,B
갯바위,부산시,이기대,이기대갯바위,25.99,B
갯벌,태안군,방포항,할미할아비바위,26,B
갯바위,삼척시,갈남리,갈남해수욕장,26.01,B
갯바위,부산시,이기대,이기대갯바위,26.01,B
갯바위,부산시,이기대,이기대갯바위,26.03,B
갯바위,부산시,대변항,대변항 북측 갯바위,26.06,B
갯바위,부산시,대변항,대변항 북측 갯바위,26.06,B
갯바위,삼척시,갈남리,갈남해수욕장,26.07,B
갯바위,삼척시,갈남리,갈남해수욕장,26.08,B
갯바위,삼척시,갈남리,갈남해수욕장,26.09,B
갯바위,부산시,대변항,대변항 북측 갯바위,26.1,B
갯벌,태안군,방포항,할미할아비바위,26.11,B
방파제,영덕군,축산항,축산방파제,26.11,B
갯벌,태안군,방포항,할미할아비바위,26.12,B
방파제,울산시,방어진항,방어진항방파제,26.12,B
갯바위,부안군,격포리,채석강,26.13,B
해수욕장,포항시,오도1리,오도리 해수욕장,26.14,B
방파제,울산시,방어진항,방어진항방파제,26.16,B
갯바위,부산시,대변항,대변항 북측 갯바위,26.19,B
갯바위,부산시,이기대,이기대갯바위,26.21,B
갯바위,부산시,대변항,대변항 북측 갯바위,26.21,B
갯벌,태안군,방포항,할미할아비바위,26.22,B
방파제,영덕군,축산항,축산방파제,26.22,B
방파제,울산시,방어진항,방어진항방파제,26.23,B
방파제,울산시,방어진항,방어진항방파제,26.24,B
방파제,영덕군,축산항,축산방파제,26.24,B
갯벌,태안군,방포항,할미할아비바위,26.26,B
갯벌,서천군,선도리,선도리갯벌,26.28,B
갯바위,삼척시,갈남리,갈남해수욕장,26.32,B
방파제,영덕군,축산항,축산방파제,26.33,B
갯벌,태안군,방포항,할미할아비바위,26.36,B
갯벌,태안군,방포항,할미할아비바위,26.38,B
방파제,울산시,방어진항,방어진항방파제,26.38,B
갯바위,삼척시,갈남리,갈남해수욕장,26.39,B
갯바위,부산시,이기대,이기대갯바위,26.39,B
갯바위,부산시,대변항,대변항 북측 갯바위,26.39,B
갯벌,태안군,방포항,할미할아비바위,26.4,B
갯바위,부산시,대변항,대변항 북측 갯바위,26.4,B
해수욕장,포항시,오도1리,오도리 해수욕장,26.41,B
갯바위,부산시,이기대,이기대갯바위,26.43,B
갯바위,부산시,대변항,대변항 북측 갯바위,26.44,B
방파제,울산시,방어진항,방어진항방파제,26.44,B
해수욕장,포항시,오도1리,오도리 해수욕장,26.45,B
갯벌,태안군,방포항,할미할아비바위,26.45,B
갯바위,삼척시,갈남리,갈남해수욕장,26.46,B
갯벌,태안군,방포항,할미할아비바위,26.51,B
갯바위,삼척시,갈남리,갈남해수욕장,26.52,B
갯바위,부산시,이기대,이기대갯바위,26.52,B
갯바위,삼척시,갈남리,갈남해수욕장,26.56,B
갯바위,삼척시,갈남리,갈남해수욕장,26.57,B
갯바위,삼척시,갈남리,갈남해수욕장,26.57,B
방파제,영덕군,축산항,축산방파제,26.58,B
갯바위,삼척시,갈남리,갈남해수욕장,26.59,B
갯바위,부산시,대변항,대변항 북측 갯바위,26.59,B
갯바위,삼척시,갈남리,갈남해수욕장,26.6,B
갯벌,태안군,방포항,할미할아비바위,26.6,B
갯바위,부산시,대변항,대변항 북측 갯바위,26.61,B
갯벌,서천군,선도리,선도리갯벌,26.61,B
갯바위,삼척시,갈남리,갈남해수욕장,26.64,B
갯벌,태안군,방포항,할미할아비바위,26.64,B
갯벌,태안군,방포항,할미할아비바위,26.64,B
갯바위,부산시,대변항,대변항 북측 갯바위,26.64,B
갯바위,부산시,대변항,대변항 북측 갯바위,26.64,B
갯벌,태안군,방포항,할미할아비바위,26.65,B
갯바위,부산시,대변항,대변항 북측 갯바위,26.65,B
해수욕장,포항시,오도1리,오도리 해수욕장,26.68,B
갯벌,태안군,방포항,할미할아비바위,26.68,B
갯바위,삼척시,갈남리,갈남해수욕장,26.7,B
갯바위,부산시,대변항,대변항 북측 갯바위,26.71,B
갯바위,삼척시,갈남리,갈남해수욕장,26.72,B
방파제,울산시,방어진항,방어진항방파제,26.73,B
갯벌,태안군,방포항,할미할아비바위,26.75,B
갯벌,태안군,방포항,할미할아비바위,26.75,B
방파제,울산시,방어진항,방어진항방파제,26.75,B
방파제,영덕군,축산항,축산방파제,26.75,B
갯바위,삼척시,갈남리,갈남해수욕장,26.77,B
방파제,울산시,방어진항,방어진항방파제,26.77,B
갯바위,부안군,격포리,채석강,26.77,B
갯바위,삼척시,갈남리,갈남해수욕장,26.78,B
갯바위,부산시,이기대,이기대갯바위,26.78,B
갯벌,태안군,방포항,할미할아비바위,26.78,B
방파제,울산시,방어진항,방어진항방파제,26.78,B
방파제,영덕군,축산항,축산방파제,26.79,B
갯바위,부산시,이기대,이기대갯바위,26.8,B
갯벌,태안군,방포항,할미할아비바위,26.8,B
방파제,울산시,방어진항,방어진항방파제,26.8,B
방파제,영덕군,축산항,축산방파제,26.82,B
방파제,영덕군,축산항,축산방파제,26.82,B
방파제,영덕군,축산항,축산방파제,26.84,B
갯벌,서천군,선도리,선도리갯벌,26.86,B
갯벌,태안군,방포항,할미할아비바위,26.87,B
방파제,영덕군,축산항,축산방파제,26.89,B
갯바위,삼척시,갈남리,갈남해수욕장,26.9,B
방파제,영덕군,축산항,축산방파제,26.9,B
갯바위,삼척시,갈남리,갈남해수욕장,26.91,B
갯바위,삼척시,갈남리,갈남해수욕장,26.92,B
갯바위,부산시,대변항,대변항 북측 갯바위,26.92,B
갯바위,부산시,대변항,대변항 북측 갯바위,26.93,B
갯바위,삼척시,갈남리,갈남해수욕장,26.94,B
갯벌,태안군,방포항,할미할아비바위,26.95,B
갯바위,부산시,대변항,대변항 북측 갯바위,26.97,B
방파제,울산시,방어진항,방어진항방파제,26.98,B
갯바위,삼척시,갈남리,갈남해수욕장,26.99,B
갯바위,부산시,이기대,이기대갯바위,26.99,B
갯벌,서천군,선도리,선도리갯벌,26.99,B
갯벌,서천군,선도리,선도리갯벌,27,B
갯벌,태안군,방포항,할미할아비바위,27.01,B
방파제,울산시,방어진항,방어진항방파제,27.03,B
갯바위,삼척시,갈남리,갈남해수욕장,27.04,B
갯바위,삼척시,갈남리,갈남해수욕장,27.04,B
갯벌,태안군,방포항,할미할아비바위,27.04,B
갯바위,부산시,대변항,대변항 북측 갯바위,27.04,B
방파제,울산시,방어진항,방어진항방파제,27.04,B
갯바위,삼척시,갈남리,갈남해수욕장,27.05,B
해수욕장,포항시,오도1리,오도리 해수욕장,27.05,B
방파제,울산시,방어진항,방어진항방파제,27.05,B
갯바위,부산시,이기대,이기대갯바위,27.06,B
갯바위,부산시,이기대,이기대갯바위,27.08,B
갯바위,부산시,대변항,대변항 북측 갯바위,27.08,B
방파제,울산시,방어진항,방어진항방파제,27.09,B
방파제,영덕군,축산항,축산방파제,27.09,B
방파제,영덕군,축산항,축산방파제,27.09,B
갯바위,삼척시,갈남리,갈남해수욕장,27.1,B
방파제,영덕군,축산항,축산방파제,27.1,B
갯바위,부산시,이기대,이기대갯바위,27.11,B
갯벌,태안군,방포항,할미할아비바위,27.11,B
방파제,울산시,방어진항,방어진항방파제,27.11,B
방파제,울산시,방어진항,방어진항방파제,27.12,B
방파제,울산시,방어진항,방어진항방파제,27.12,B
갯바위,부산시,이기대,이기대갯바위,27.13,B
갯바위,부산시,대변항,대변항 북측 갯바위,27.13,B
갯바위,부산시,이기대,이기대갯바위,27.14,B
해수욕장,포항시,오도1리,오도리 해수욕장,27.15,B
갯바위,부산시,대변항,대변항 북측 갯바위,27.15,B
갯바위,삼척시,갈남리,갈남해수욕장,27.16,B
갯벌,서천군,선도리,선도리갯벌,27.16,B
갯바위,부산시,이기대,이기대갯바위,27.19,B
갯바위,삼척시,갈남리,갈남해수욕장,27.2,B
갯벌,태안군,방포항,할미할아비바위,27.2,B
방파제,울산시,방어진항,방어진항방파제,27.22,B
해수욕장,포항시,오도1리,오도리 해수욕장,27.23,B
갯바위,부산시,이기대,이기대갯바위,27.23,B
갯벌,태안군,방포항,할미할아비바위,27.23,B
갯바위,부산시,대변항,대변항 북측 갯바위,27.23,B
방파제,영덕군,축산항,축산방파제,27.23,B
갯바위,부산시,대변항,대변항 북측 갯바위,27.24,B
갯바위,삼척시,갈남리,갈남해수욕장,27.25,B
갯벌,태안군,방포항,할미할아비바위,27.25,B
갯바위,부산시,대변항,대변항 북측 갯바위,27.25,B
갯벌,태안군,방포항,할미할아비바위,27.26,B
방파제,울산시,방어진항,방어진항방파제,27.26,B
방파제,울산시,방어진항,방어진항방파제,27.27,B
갯벌,태안군,방포항,할미할아비바위,27.29,B
해수욕장,포항시,오도1리,오도리 해수욕장,27.3,B
갯벌,태안군,방포항,할미할아비바위,27.3,B
갯바위,부산시,대변항,대변항 북측 갯바위,27.3,B
갯바위,부산시,이기대,이기대갯바위,27.31,B
갯바위,부산시,대변항,대변항 북측 갯바위,27.32,B
갯바위,삼척시,갈남리,갈남해수욕장,27.34,B
갯벌,태안군,방포항,할미할아비바위,27.34,B
방파제,울산시,방어진항,방어진항방파제,27.35,B
갯벌,태안군,방포항,할미할아비바위,27.38,B
갯바위,부산시,대변항,대변항 북측 갯바위,27.39,B
갯벌,태안군,방포항,할미할아비바위,27.4,B
갯바위,삼척시,갈남리,갈남해수욕장,27.42,B
갯바위,부산시,이기대,이기대갯바위,27.42,B
방파제,울산시,방어진항,방어진항방파제,27.45,B
갯벌,서천군,선도리,선도리갯벌,27.45,B
방파제,영덕군,축산항,축산방파제,27.45,B
갯벌,태안군,방포항,할미할아비바위,27.46,B
해수욕장,포항시,오도1리,오도리 해수욕장,27.47,B
갯바위,부산시,대변항,대변항 북측 갯바위,27.47,B
방파제,울산시,방어진항,방어진항방파제,27.47,B
갯벌,서천군,선도리,선도리갯벌,27.47,B
갯바위,부산시,이기대,이기대갯바위,27.48,B
방파제,울산시,방어진항,방어진항방파제,27.48,B
갯바위,삼척시,갈남리,갈남해수욕장,27.52,B
갯바위,부산시,이기대,이기대갯바위,27.53,B
방파제,울산시,방어진항,방어진항방파제,27.55,B
갯바위,삼척시,갈남리,갈남해수욕장,27.56,B
갯바위,부산시,대변항,대변항 북측 갯바위,27.56,B
방파제,울산시,방어진항,방어진항방파제,27.57,B
방파제,울산시,방어진항,방어진항방파제,27.6,B
갯벌,태안군,방포항,할미할아비바위,27.61,B
갯바위,부산시,대변항,대변항 북측 갯바위,27.61,B
방파제,영덕군,축산항,축산방파제,27.61,B
방파제,울산시,방어진항,방어진항방파제,27.63,B
갯바위,삼척시,갈남리,갈남해수욕장,27.68,B
갯바위,부산시,이기대,이기대갯바위,27.68,B
갯바위,부산시,대변항,대변항 북측 갯바위,27.7,B
갯벌,서천군,선도리,선도리갯벌,27.7,B
방파제,영덕군,축산항,축산방파제,27.7,B
갯바위,삼척시,갈남리,갈남해수욕장,27.71,B
갯바위,삼척시,갈남리,갈남해수욕장,27.71,B
해수욕장,포항시,오도1리,오도리 해수욕장,27.71,B
갯바위,부안군,격포리,채석강,27.72,B
갯바위,부산시,이기대,이기대갯바위,27.73,B
방파제,울산시,방어진항,방어진항방파제,27.73,B
갯벌,태안군,방포항,할미할아비바위,27.75,B
갯벌,태안군,방포항,할미할아비바위,27.76,B
갯벌,서천군,선도리,선도리갯벌,27.76,B
갯바위,삼척시,갈남리,갈남해수욕장,27.77,B
갯바위,부산시,대변항,대변항 북측 갯바위,27.78,B
갯바위,부산시,대변항,대변항 북측 갯바위,27.78,B
갯벌,태안군,방포항,할미할아비바위,27.8,B
갯벌,태안군,방포항,할미할아비바위,27.8,B
방파제,영덕군,축산항,축산방파제,27.8,B
갯바위,부산시,대변항,대변항 북측 갯바위,27.81,B
갯바위,부산시,대변항,대변항 북측 갯바위,27.82,B
갯바위,삼척시,갈남리,갈남해수욕장,27.84,B
방파제,울산시,방어진항,방어진항방파제,27.84,B
갯벌,서천군,선도리,선도리갯벌,27.85,B
방파제,영덕군,축산항,축산방파제,27.87,B
갯바위,부산시,이기대,이기대갯바위,27.89,B
갯바위,부산시,이기대,이기대갯바위,27.89,B
갯바위,부산시,이기대,이기대갯바위,27.9,B
갯바위,부산시,이기대,이기대갯바위,27.93,B
갯바위,부안군,격포리,채석강,27.93,B
해수욕장,포항시,오도1리,오도리 해수욕장,27.94,B
갯바위,부산시,대변항,대변항 북측 갯바위,27.94,B
해수욕장,포항시,오도1리,오도리 해수욕장,27.95,B
갯바위,부산시,대변항,대변항 북측 갯바위,27.95,B
방파제,울산시,방어진항,방어진항방파제,27.98,B
방파제,영덕군,축산항,축산방파제,27.98,B
방파제,영덕군,축산항,축산방파제,27.98,B
갯바위,부산시,대변항,대변항 북측 갯바위,27.99,B
방파제,영덕군,축산항,축산방파제,27.99,B
방파제,영덕군,축산항,축산방파제,27.99,B
해수욕장,포항시,오도1리,오도리 해수욕장,28,B
갯바위,부산시,대변항,대변항 북측 갯바위,28.01,B
갯바위,부산시,대변항,대변항 북측 갯바위,28.01,B
갯바위,삼척시,갈남리,갈남해수욕장,28.03,B
방파제,영덕군,축산항,축산방파제,28.03,B
갯벌,서천군,선도리,선도리갯벌,28.04,B
갯벌,태안군,방포항,할미할아비바위,28.05,B
갯바위,삼척시,갈남리,갈남해수욕장,28.06,B
갯바위,삼척시,갈남리,갈남해수욕장,28.1,B
갯바위,부산시,대변항,대변항 북측 갯바위,28.1,B
갯바위,삼척시,갈남리,갈남해수욕장,28.11,B
해수욕장,포항시,오도1리,오도리 해수욕장,28.11,B
갯바위,삼척시,갈남리,갈남해수욕장,28.12,B
갯바위,삼척시,갈남리,갈남해수욕장,28.13,B
갯바위,부산시,이기대,이기대갯바위,28.14,B
갯벌,태안군,방포항,할미할아비바위,28.14,B
갯바위,삼척시,갈남리,갈남해수욕장,28.15,B
갯벌,태안군,방포항,할미할아비바위,28.15,B
방파제,울산시,방어진항,방어진항방파제,28.15,B
방파제,울산시,방어진항,방어진항방파제,28.16,B
갯바위,부산시,이기대,이기대갯바위,28.17,B
갯바위,부안군,격포리,채석강,28.17,B
갯벌,태안군,방포항,할미할아비바위,28.18,B
해수욕장,포항시,오도1리,오도리 해수욕장,28.19,B
갯바위,부산시,대변항,대변항 북측 갯바위,28.2,B
갯벌,서천군,선도리,선도리갯벌,28.2,B
갯바위,삼척시,갈남리,갈남해수욕장,28.21,B
갯바위,부산시,이기대,이기대갯바위,28.21,B
방파제,영덕군,축산항,축산방파제,28.21,B
갯벌,서천군,선도리,선도리갯벌,28.22,B
갯바위,부산시,대변항,대변항 북측 갯바위,28.23,B
갯바위,부산시,이기대,이기대갯바위,28.25,B
갯바위,부산시,이기대,이기대갯바위,28.25,B
방파제,영덕군,축산항,축산방파제,28.25,B
갯벌,태안군,방포항,할미할아비바위,28.29,B
갯바위,삼척시,갈남리,갈남해수욕장,28.3,B
갯바위,부산시,이기대,이기대갯바위,28.31,B
갯바위,삼척시,갈남리,갈남해수욕장,28.32,B
갯바위,부산시,대변항,대변항 북측 갯바위,28.32,B
갯바위,부산시,대변항,대변항 북측 갯바위,28.32,B
방파제,울산시,방어진항,방어진항방파제,28.32,B
갯바위,부산시,대변항,대변항 북측 갯바위,28.34,B
갯바위,삼척시,갈남리,갈남해수욕장,28.35,B
갯바위,부산시,대변항,대변항 북측 갯바위,28.35,B
방파제,울산시,방어진항,방어진항방파제,28.35,B
갯바위,부산시,이기대,이기대갯바위,28.36,B
갯벌,태안군,방포항,할미할아비바위,28.36,B
갯벌,태안군,방포항,할미할아비바위,28.37,B
갯벌,태안군,방포항,할미할아비바위,28.39,B
갯바위,삼척시,갈남리,갈남해수욕장,28.42,B
해수욕장,포항시,오도1리,오도리 해수욕장,28.42,B
방파제,영덕군,축산항,축산방파제,28.42,B
갯벌,태안군,방포항,할미할아비바위,28.44,B
방파제,울산시,방어진항,방어진항방파제,28.51,B
갯바위,부산시,이기대,이기대갯바위,28.52,B
갯바위,삼척시,갈남리,갈남해수욕장,28.53,B
갯벌,태안군,방포항,할미할아비바위,28.53,B
갯바위,부안군,격포리,채석강,28.53,B
갯벌,태안군,방포항,할미할아비바위,28.54,B
방파제,울산시,방어진항,방어진항방파제,28.55,B
방파제,영덕군,축산항,축산방파제,28.55,B
갯바위,삼척시,갈남리,갈남해수욕장,28.58,B
갯바위,삼척시,갈남리,갈남해수욕장,28.59,B
갯바위,부산시,이기대,이기대갯바위,28.59,B
방파제,영덕군,축산항,축산방파제,28.59,B
갯바위,삼척시,갈남리,갈남해수욕장,28.6,B
갯바위,삼척시,갈남리,갈남해수욕장,28.61,B
갯바위,삼척시,갈남리,갈남해수욕장,28.62,B
갯바위,삼척시,갈남리,갈남해수욕장,28.62,B
갯바위,부산시,대변항,대변항 북측 갯바위,28.62,B
방파제,울산시,방어진항,방어진항방파제,28.62,B
갯벌,태안군,방포항,할미할아비바위,28.63,B
갯바위,부산시,이기대,이기대갯바위,28.64,B
방파제,영덕군,축산항,축산방파제,28.64,B
갯벌,태안군,방포항,할미할아비바위,28.65,B
방파제,울산시,방어진항,방어진항방파제,28.67,B
방파제,영덕군,축산항,축산방파제,28.67,B
갯바위,부산시,대변항,대변항 북측 갯바위,28.69,B
방파제,영덕군,축산항,축산방파제,28.69,B
갯바위,삼척시,갈남리,갈남해수욕장,28.71,B
갯바위,삼척시,갈남리,갈남해수욕장,28.72,B
갯벌,태안군,방포항,할미할아비바위,28.72,B
갯바위,삼척시,갈남리,갈남해수욕장,28.73,B
해수욕장,포항시,오도1리,오도리 해수욕장,28.73,B
방파제,영덕군,축산항,축산방파제,28.75,B
갯바위,부산시,대변항,대변항 북측 갯바위,28.76,B
갯바위,삼척시,갈남리,갈남해수욕장,28.79,B
갯벌,태안군,방포항,할미할아비바위,28.79,B
갯벌,태안군,방포항,할미할아비바위,28.79,B
갯바위,부산시,대변항,대변항 북측 갯바위,28.79,B
갯바위,부산시,대변항,대변항 북측 갯바위,28.8,B
방파제,울산시,방어진항,방어진항방파제,28.8,B
방파제,영덕군,축산항,축산방파제,28.83,B
갯바위,삼척시,갈남리,갈남해수욕장,28.87,B
갯바위,삼척시,갈남리,갈남해수욕장,28.87,B
방파제,울산시,방어진항,방어진항방파제,28.87,B
갯바위,삼척시,갈남리,갈남해수욕장,28.88,B
갯바위,부산시,이기대,이기대갯바위,28.88,B
갯바위,부산시,대변항,대변항 북측 갯바위,28.88,B
갯바위,삼척시,갈남리,갈남해수욕장,28.89,B
갯벌,서천군,선도리,선도리갯벌,28.89,B
갯바위,삼척시,갈남리,갈남해수욕장,28.91,B
갯벌,태안군,방포항,할미할아비바위,28.91,B
해수욕장,포항시,오도1리,오도리 해수욕장,28.92,B
갯벌,태안군,방포항,할미할아비바위,28.92,B
갯바위,삼척시,갈남리,갈남해수욕장,28.93,B
갯바위,부산시,이기대,이기대갯바위,28.94,B
갯벌,태안군,방포항,할미할아비바위,28.94,B
방파제,울산시,방어진항,방어진항방파제,28.94,B
갯바위,부산시,이기대,이기대갯바위,28.95,B
갯바위,부산시,대변항,대변항 북측 갯바위,28.96,B
해수욕장,포항시,오도1리,오도리 해수욕장,28.97,B
갯바위,부안군,격포리,채석강,28.98,B
갯바위,부산시,대변항,대변항 북측 갯바위,29.01,B
갯바위,삼척시,갈남리,갈남해수욕장,29.02,B
갯바위,삼척시,갈남리,갈남해수욕장,29.05,B
방파제,영덕군,축산항,축산방파제,29.05,B
갯벌,태안군,방포항,할미할아비바위,29.06,B
방파제,울산시,방어진항,방어진항방파제,29.06,B
방파제,울산시,방어진항,방어진항방파제,29.06,B
방파제,울산시,방어진항,방어진항방파제,29.07,B
갯바위,부산시,이기대,이기대갯바위,29.08,B
방파제,영덕군,축산항,축산방파제,29.09,B
갯벌,태안군,방포항,할미할아비바위,29.1,B
갯바위,삼척시,갈남리,갈남해수욕장,29.11,B
갯바위,부산시,대변항,대변항 북측 갯바위,29.12,B
방파제,울산시,방어진항,방어진항방파제,29.12,B
갯벌,서천군,선도리,선도리갯벌,29.12,B
갯바위,부산시,이기대,이기대갯바위,29.13,B
갯바위,삼척시,갈남리,갈남해수욕장,29.14,B
갯바위,부산시,이기대,이기대갯바위,29.15,B
갯바위,부산시,대변항,대변항 북측 갯바위,29.15,B
방파제,울산시,방어진항,방어진항방파제,29.17,B
갯바위,부산시,이기대,이기대갯바위,29.18,B
갯바위,부산시,대변항,대변항 북측 갯바위,29.2,B
갯바위,삼척시,갈남리,갈남해수욕장,29.21,B
갯바위,부산시,이기대,이기대갯바위,29.22,B
갯바위,부산시,대변항,대변항 북측 갯바위,29.22,B
갯벌,화성시,제부도,매바위,29.24,B
갯벌,태안군,방포항,할미할아비바위,29.24,B
갯바위,부산시,대변항,대변항 북측 갯바위,29.24,B
갯벌,서천군,선도리,선도리갯벌,29.24,B
갯바위,삼척시,갈남리,갈남해수욕장,29.25,B
방파제,울산시,방어진항,방어진항방파제,29.25,B
갯바위,부산시,대변항,대변항 북측 갯바위,29.26,B
갯벌,태안군,방포항,할미할아비바위,29.27,B
방파제,영덕군,축산항,축산방파제,29.27,B
갯바위,부산시,이기대,이기대갯바위,29.28,B
갯바위,삼척시,갈남리,갈남해수욕장,29.29,B
갯바위,부산시,대변항,대변항 북측 갯바위,29.29,B
갯바위,부산시,대변항,대변항 북측 갯바위,29.29,B
방파제,영덕군,축산항,축산방파제,29.29,B
방파제,울산시,방어진항,방어진항방파제,29.3,B
갯바위,부산시,이기대,이기대갯바위,29.32,B
방파제,울산시,방어진항,방어진항방파제,29.34,B
방파제,영덕군,축산항,축산방파제,29.34,B
방파제,영덕군,축산항,축산방파제,29.35,B
방파제,울산시,방어진항,방어진항방파제,29.37,B
갯바위,삼척시,갈남리,갈남해수욕장,29.38,B
갯벌,서천군,선도리,선도리갯벌,29.38,B
갯바위,부산시,대변항,대변항 북측 갯바위,29.39,B
갯바위,부산시,이기대,이기대갯바위,29.41,B
갯바위,부산시,대변항,대변항 북측 갯바위,29.42,B
방파제,울산시,방어진항,방어진항방파제,29.42,B
갯바위,부산시,이기대,이기대갯바위,29.43,B
갯바위,삼척시,갈남리,갈남해수욕장,29.44,B
갯바위,부산시,대변항,대변항 북측 갯바위,29.44,B
갯바위,부산시,대변항,대변항 북측 갯바위,29.48,B
방파제,울산시,방어진항,방어진항방파제,29.49,B
갯벌,태안군,방포항,할미할아비바위,29.5,B
갯바위,삼척시,갈남리,갈남해수욕장,29.51,B
해수욕장,포항시,오도1리,오도리 해수욕장,29.51,B
갯바위,부산시,이기대,이기대갯바위,29.51,B
갯바위,부산시,대변항,대변항 북측 갯바위,29.51,B
방파제,울산시,방어진항,방어진항방파제,29.51,B
갯바위,삼척시,갈남리,갈남해수욕장,29.52,B
갯벌,서천군,선도리,선도리갯벌,29.53,B
갯바위,삼척시,갈남리,갈남해수욕장,29.54,B
갯바위,부산시,이기대,이기대갯바위,29.54,B
갯바위,부산시,이기대,이기대갯바위,29.54,B
갯바위,부산시,대변항,대변항 북측 갯바위,29.54,B
해수욕장,포항시,오도1리,오도리 해수욕장,29.55,B
방파제,영덕군,축산항,축산방파제,29.55,B
방파제,영덕군,축산항,축산방파제,29.55,B
갯바위,삼척시,갈남리,갈남해수욕장,29.56,B
갯바위,부산시,대변항,대변항 북측 갯바위,29.57,B
갯바위,부산시,이기대,이기대갯바위,29.59,B
갯바위,부산시,이기대,이기대갯바위,29.62,B
갯바위,삼척시,갈남리,갈남해수욕장,29.63,B
방파제,울산시,방어진항,방어진항방파제,29.63,B
갯바위,부산시,이기대,이기대갯바위,29.64,B
갯바위,부산시,이기대,이기대갯바위,29.64,B
방파제,울산시,방어진항,방어진항방파제,29.64,B
갯벌,서천군,선도리,선도리갯벌,29.64,B
해수욕장,포항시,오도1리,오도리 해수욕장,29.65,B
갯벌,태안군,방포항,할미할아비바위,29.67,B
갯바위,부산시,이기대,이기대갯바위,29.68,B
갯벌,태안군,방포항,할미할아비바위,29.68,B
갯바위,부산시,대변항,대변항 북측 갯바위,29.68,B
갯바위,부산시,이기대,이기대갯바위,29.7,B
방파제,영덕군,축산항,축산방파제,29.73,B
방파제,영덕군,축산항,축산방파제,29.74,B
방파제,울산시,방어진항,방어진항방파제,29.75,B
방파제,영덕군,축산항,축산방파제,29.76,B
방파제,울산시,방어진항,방어진항방파제,29.78,B
갯바위,부산시,대변항,대변항 북측 갯바위,29.79,B
갯바위,삼척시,갈남리,갈남해수욕장,29.8,B
갯바위,부산시,이기대,이기대갯바위,29.81,B
방파제,울산시,방어진항,방어진항방파제,29.81,B
방파제,영덕군,축산항,축산방파제,29.83,B
방파제,울산시,방어진항,방어진항방파제,29.84,B
갯바위,부산시,이기대,이기대갯바위,29.85,B
방파제,영덕군,축산항,축산방파제,29.85,B
해수욕장,포항시,오도1리,오도리 해수욕장,29.86,B
갯벌,서천군,선도리,선도리갯벌,29.87,B
방파제,울산시,방어진항,방어진항방파제,29.88,B
갯바위,부산시,이기대,이기대갯바위,29.89,B
갯벌,서천군,선도리,선도리갯벌,29.91,B
갯바위,부산시,대변항,대변항 북측 갯바위,29.92,B
갯바위,삼척시,갈남리,갈남해수욕장,29.93,B
갯바위,부산시,이기대,이기대갯바위,29.95,B
방파제,영덕군,축산항,축산방파제,29.96,B
갯벌,태안군,방포항,할미할아비바위,29.97,B
갯바위,부산시,대변항,대변항 북측 갯바위,29.97,B
방파제,영덕군,축산항,축산방파제,29.98,B
갯바위,부산시,대변항,대변항 북측 갯바위,30,B
갯바위,삼척시,갈남리,갈남해수욕장,30.01,B
갯벌,태안군,방포항,할미할아비바위,30.01,B
방파제,영덕군,축산항,축산방파제,30.02,B
갯바위,부산시,대변항,대변항 북측 갯바위,30.03,B
방파제,영덕군,축산항,축산방파제,30.05,B
갯바위,삼척시,갈남리,갈남해수욕장,30.06,B
갯바위,부안군,격포리,채석강,30.06,B
해수욕장,포항시,오도1리,오도리 해수욕장,30.11,B
갯벌,태안군,방포항,할미할아비바위,30.11,B
방파제,울산시,방어진항,방어진항방파제,30.12,B
갯바위,부산시,대변항,대변항 북측 갯바위,30.13,B
갯벌,서천군,선도리,선도리갯벌,30.13,B
갯바위,부산시,이기대,이기대갯바위,30.14,B
갯바위,삼척시,갈남리,갈남해수욕장,30.15,B
방파제,울산시,방어진항,방어진항방파제,30.15,B
방파제,울산시,방어진항,방어진항방파제,30.16,B
방파제,울산시,방어진항,방어진항방파제,30.18,B
방파제,영덕군,축산항,축산방파제,30.18,B
갯바위,삼척시,갈남리,갈남해수욕장,30.2,B
방파제,영덕군,축산항,축산방파제,30.23,B
갯바위,삼척시,갈남리,갈남해수욕장,30.24,B
갯벌,태안군,방포항,할미할아비바위,30.24,B
갯바위,부산시,대변항,대변항 북측 갯바위,30.24,B
갯바위,삼척시,갈남리,갈남해수욕장,30.27,B
방파제,영덕군,축산항,축산방파제,30.28,B
갯바위,부산시,대변항,대변항 북측 갯바위,30.29,B
갯바위,부산시,이기대,이기대갯바위,30.3,B
방파제,영덕군,축산항,축산방파제,30.3,B
갯바위,부안군,격포리,채석강,30.31,B
갯바위,부산시,대변항,대변항 북측 갯바위,30.32,B
방파제,울산시,방어진항,방어진항방파제,30.32,B
갯바위,부산시,이기대,이기대갯바위,30.34,B
갯바위,부산시,이기대,이기대갯바위,30.34,B
해수욕장,포항시,오도1리,오도리 해수욕장,30.35,B
방파제,영덕군,축산항,축산방파제,30.36,B
갯바위,삼척시,갈남리,갈남해수욕장,30.37,B
갯벌,태안군,방포항,할미할아비바위,30.37,B
갯바위,부산시,이기대,이기대갯바위,30.38,B
갯바위,부산시,대변항,대변항 북측 갯바위,30.38,B
방파제,영덕군,축산항,축산방파제,30.38,B
갯벌,서천군,선도리,선도리갯벌,30.42,B
갯벌,화성시,제부도,매바위,30.43,B
갯바위,부산시,대변항,대변항 북측 갯바위,30.44,B
갯바위,삼척시,갈남리,갈남해수욕장,30.47,B
갯바위,부산시,대변항,대변항 북측 갯바위,30.47,B
갯벌,태안군,방포항,할미할아비바위,30.49,B
갯바위,부산시,이기대,이기대갯바위,30.53,B
갯바위,부산시,이기대,이기대갯바위,30.53,B
갯바위,삼척시,갈남리,갈남해수욕장,30.56,B
해수욕장,포항시,오도1리,오도리 해수욕장,30.56,B
갯벌,화성시,제부도,매바위,30.58,B
방파제,울산시,방어진항,방어진항방파제,30.59,B
해수욕장,포항시,오도1리,오도리 해수욕장,30.63,B
갯벌,태안군,방포항,할미할아비바위,30.63,B
방파제,울산시,방어진항,방어진항방파제,30.63,B
갯벌,태안군,방포항,할미할아비바위,30.65,B
갯바위,부산시,이기대,이기대갯바위,30.66,B
갯벌,태안군,방포항,할미할아비바위,30.67,B
갯벌,태안군,방포항,할미할아비바위,30.69,B
방파제,울산시,방어진항,방어진항방파제,30.69,B
방파제,울산시,방어진항,방어진항방파제,30.71,B
갯바위,삼척시,갈남리,갈남해수욕장,30.72,B
갯바위,삼척시,갈남리,갈남해수욕장,30.73,B
갯바위,삼척시,갈남리,갈남해수욕장,30.73,B
해수욕장,포항시,오도1리,오도리 해수욕장,30.74,B
갯벌,태안군,방포항,할미할아비바위,30.76,B
갯바위,삼척시,갈남리,갈남해수욕장,30.78,B
갯바위,부산시,대변항,대변항 북측 갯바위,30.8,B
갯바위,부산시,대변항,대변항 북측 갯바위,30.82,B
방파제,울산시,방어진항,방어진항방파제,30.83,B
갯바위,삼척시,갈남리,갈남해수욕장,30.84,B
갯바위,부산시,이기대,이기대갯바위,30.85,B
갯바위,부산시,이기대,이기대갯바위,30.89,B
갯벌,태안군,방포항,할미할아비바위,30.9,B
갯바위,부산시,대변항,대변항 북측 갯바위,30.9,B
갯바위,삼척시,갈남리,갈남해수욕장,30.92,B
갯벌,태안군,방포항,할미할아비바위,30.92,B
방파제,울산시,방어진항,방어진항방파제,30.92,B
갯벌,태안군,방포항,할미할아비바위,30.94,B
갯벌,태안군,방포항,할미할아비바위,30.95,B
갯벌,태안군,방포항,할미할아비바위,30.95,B
갯바위,부산시,대변항,대변항 북측 갯바위,30.95,B
갯바위,부산시,이기대,이기대갯바위,30.97,B
갯바위,부산시,대변항,대변항 북측 갯바위,30.97,B
갯벌,서천군,선도리,선도리갯벌,30.98,B
갯바위,부산시,이기대,이기대갯바위,30.99,B
방파제,울산시,방어진항,방어진항방파제,30.99,B
갯바위,부산시,대변항,대변항 북측 갯바위,31,B
방파제,울산시,방어진항,방어진항방파제,31,B
방파제,울산시,방어진항,방어진항방파제,31,B
방파제,영덕군,축산항,축산방파제,31.03,B
갯바위,부산시,대변항,대변항 북측 갯바위,31.05,B
갯벌,태안군,방포항,할미할아비바위,31.06,B
방파제,울산시,방어진항,방어진항방파제,31.1,B
방파제,울산시,방어진항,방어진항방파제,31.11,B
갯벌,태안군,방포항,할미할아비바위,31.14,B
방파제,울산시,방어진항,방어진항방파제,31.15,B
갯바위,삼척시,갈남리,갈남해수욕장,31.18,B
갯바위,부산시,이기대,이기대갯바위,31.19,B
갯바위,부산시,이기대,이기대갯바위,31.19,B
갯벌,태안군,방포항,할미할아비바위,31.21,B
갯벌,태안군,방포항,할미할아비바위,31.21,B
갯바위,삼척시,갈남리,갈남해수욕장,31.22,B
해수욕장,포항시,오도1리,오도리 해수욕장,31.23,B
갯바위,부산시,이기대,이기대갯바위,31.23,B
갯바위,부산시,대변항,대변항 북측 갯바위,31.24,B
방파제,영덕군,축산항,축산방파제,31.24,B
갯바위,삼척시,갈남리,갈남해수욕장,31.26,B
갯바위,삼척시,갈남리,갈남해수욕장,31.3,B
방파제,울산시,방어진항,방어진항방파제,31.3,B
방파제,울산시,방어진항,방어진항방파제,31.33,B
방파제,울산시,방어진항,방어진항방파제,31.34,B
방파제,울산시,방어진항,방어진항방파제,31.36,B
갯바위,부산시,이기대,이기대갯바위,31.37,B
갯바위,부안군,격포리,채석강,31.38,B
갯바위,삼척시,갈남리,갈남해수욕장,31.4,B
해수욕장,포항시,오도1리,오도리 해수욕장,31.41,B
갯바위,부산시,대변항,대변항 북측 갯바위,31.43,B
갯바위,부산시,대변항,대변항 북측 갯바위,31.43,B
방파제,영덕군,축산항,축산방파제,31.43,B
갯바위,부산시,대변항,대변항 북측 갯바위,31.45,B
갯바위,부산시,이기대,이기대갯바위,31.47,B
갯바위,부산시,이기대,이기대갯바위,31.47,B
갯벌,태안군,방포항,할미할아비바위,31.5,B
갯바위,부산시,대변항,대변항 북측 갯바위,31.5,B
갯바위,삼척시,갈남리,갈남해수욕장,31.55,B
갯바위,삼척시,갈남리,갈남해수욕장,31.56,B
갯벌,태안군,방포항,할미할아비바위,31.56,B
갯벌,서천군,선도리,선도리갯벌,31.58,B
갯바위,부산시,이기대,이기대갯바위,31.59,B
갯바위,부산시,대변항,대변항 북측 갯바위,31.59,B
갯바위,삼척시,갈남리,갈남해수욕장,31.61,B
방파제,울산시,방어진항,방어진항방파제,31.63,B
방파제,영덕군,축산항,축산방파제,31.65,B
해수욕장,포항시,오도1리,오도리 해수욕장,31.67,B
갯바위,부산시,이기대,이기대갯바위,31.67,B
갯바위,삼척시,갈남리,갈남해수욕장,31.69,B
갯바위,부산시,이기대,이기대갯바위,31.71,B
해수욕장,포항시,오도1리,오도리 해수욕장,31.72,B
갯바위,삼척시,갈남리,갈남해수욕장,31.73,B
갯벌,태안군,방포항,할미할아비바위,31.73,B
방파제,영덕군,축산항,축산방파제,31.76,B
갯바위,삼척시,갈남리,갈남해수욕장,31.79,B
갯바위,삼척시,갈남리,갈남해수욕장,31.81,B
갯바위,부산시,대변항,대변항 북측 갯바위,31.82,B
갯벌,서천군,선도리,선도리갯벌,31.82,B
해수욕장,포항시,오도1리,오도리 해수욕장,31.83,B
갯바위,부산시,대변항,대변항 북측 갯바위,31.83,B
갯바위,부산시,이기대,이기대갯바위,31.84,B
해수욕장,포항시,오도1리,오도리 해수욕장,31.86,B
갯벌,태안군,방포항,할미할아비바위,31.86,B
방파제,울산시,방어진항,방어진항방파제,31.88,B
방파제,영덕군,축산항,축산방파제,31.89,B
해수욕장,포항시,오도1리,오도리 해수욕장,31.9,B
갯바위,부산시,대변항,대변항 북측 갯바위,31.97,B
갯벌,서천군,선도리,선도리갯벌,31.99,B
갯벌,태안군,방포항,할미할아비바위,32,B
방파제,영덕군,축산항,축산방파제,32.03,B
갯바위,삼척시,갈남리,갈남해수욕장,32.05,B
갯바위,삼척시,갈남리,갈남해수욕장,32.08,B
갯바위,부산시,대변항,대변항 북측 갯바위,32.08,B
갯바위,삼척시,갈남리,갈남해수욕장,32.1,B
갯벌,태안군,방포항,할미할아비바위,32.1,B
갯바위,부산시,대변항,대변항 북측 갯바위,32.11,B
해수욕장,포항시,오도1리,오도리 해수욕장,32.14,B
갯바위,부산시,이기대,이기대갯바위,32.18,B
갯바위,부산시,이기대,이기대갯바위,32.19,B
방파제,영덕군,축산항,축산방파제,32.2,B
갯바위,삼척시,갈남리,갈남해수욕장,32.22,B
방파제,울산시,방어진항,방어진항방파제,32.23,B
갯바위,삼척시,갈남리,갈남해수욕장,32.24,B
갯바위,부산시,대변항,대변항 북측 갯바위,32.25,B
갯벌,서천군,선도리,선도리갯벌,32.25,B
방파제,영덕군,축산항,축산방파제,32.25,B
갯바위,부산시,이기대,이기대갯바위,32.27,B
방파제,울산시,방어진항,방어진항방파제,32.28,B
갯바위,삼척시,갈남리,갈남해수욕장,32.31,B
갯바위,부산시,대변항,대변항 북측 갯바위,32.34,B
갯바위,부산시,대변항,대변항 북측 갯바위,32.35,B
갯벌,서천군,선도리,선도리갯벌,32.36,B
방파제,영덕군,축산항,축산방파제,32.36,B
갯바위,삼척시,갈남리,갈남해수욕장,32.37,B
갯바위,부산시,대변항,대변항 북측 갯바위,32.38,B
갯바위,삼척시,갈남리,갈남해수욕장,32.4,B
갯바위,삼척시,갈남리,갈남해수욕장,32.41,B
갯바위,부산시,이기대,이기대갯바위,32.42,B
갯벌,서천군,선도리,선도리갯벌,32.42,B
갯벌,태안군,방포항,할미할아비바위,32.44,B
방파제,울산시,방어진항,방어진항방파제,32.44,B
갯바위,부산시,이기대,이기대갯바위,32.45,B
갯바위,부산시,대변항,대변항 북측 갯바위,32.46,B
갯벌,태안군,방포항,할미할아비바위,32.51,B
갯바위,삼척시,갈남리,갈남해수욕장,32.52,B
갯바위,삼척시,갈남리,갈남해수욕장,32.55,B
갯벌,태안군,방포항,할미할아비바위,32.56,B
갯바위,부산시,이기대,이기대갯바위,32.57,B
갯벌,태안군,방포항,할미할아비바위,32.57,B
갯바위,삼척시,갈남리,갈남해수욕장,32.58,B
갯바위,삼척시,갈남리,갈남해수욕장,32.58,B
갯바위,삼척시,갈남리,갈남해수욕장,32.61,B
갯바위,삼척시,갈남리,갈남해수욕장,32.61,B
갯바위,삼척시,갈남리,갈남해수욕장,32.61,B
갯벌,서천군,선도리,선도리갯벌,32.61,B
갯바위,삼척시,갈남리,갈남해수욕장,32.64,B
방파제,영덕군,축산항,축산방파제,32.64,B
갯바위,부산시,대변항,대변항 북측 갯바위,32.65,B
방파제,울산시,방어진항,방어진항방파제,32.65,B
갯바위,부안군,격포리,채석강,32.65,B
갯바위,삼척시,갈남리,갈남해수욕장,32.66,B
갯바위,부산시,대변항,대변항 북측 갯바위,32.66,B
갯바위,삼척시,갈남리,갈남해수욕장,32.68,B
갯바위,부산시,이기대,이기대갯바위,32.68,B
갯바위,삼척시,갈남리,갈남해수욕장,32.71,B
갯바위,부산시,이기대,이기대갯바위,32.71,B
방파제,울산시,방어진항,방어진항방파제,32.73,B
방파제,영덕군,축산항,축산방파제,32.8,B
갯바위,부산시,대변항,대변항 북측 갯바위,32.81,B
갯바위,부산시,이기대,이기대갯바위,32.82,B
방파제,울산시,방어진항,방어진항방파제,32.82,B
갯벌,서천군,선도리,선도리갯벌,32.82,B
갯바위,부안군,격포리,채석강,32.82,B
갯벌,서천군,선도리,선도리갯벌,32.83,B
갯바위,부산시,이기대,이기대갯바위,32.84,B
방파제,울산시,방어진항,방어진항방파제,32.84,B
갯바위,부산시,이기대,이기대갯바위,32.85,B
갯벌,서천군,선도리,선도리갯벌,32.86,B
갯벌,태안군,방포항,할미할아비바위,32.87,B
갯바위,부산시,대변항,대변항 북측 갯바위,32.89,B
갯바위,부산시,대변항,대변항 북측 갯바위,32.89,B
갯바위,부산시,이기대,이기대갯바위,32.9,B
갯바위,부산시,대변항,대변항 북측 갯바위,32.9,B
갯바위,삼척시,갈남리,갈남해수욕장,32.91,B
갯바위,부안군,격포리,채석강,32.91,B
갯바위,삼척시,갈남리,갈남해수욕장,32.95,B
갯벌,태안군,방포항,할미할아비바위,32.95,B
갯바위,부산시,대변항,대변항 북측 갯바위,32.96,B
방파제,울산시,방어진항,방어진항방파제,32.98,B
갯벌,서천군,선도리,선도리갯벌,32.99,B
방파제,영덕군,축산항,축산방파제,32.99,B
갯바위,삼척시,갈남리,갈남해수욕장,33.01,B
갯바위,부산시,이기대,이기대갯바위,33.01,B
방파제,영덕군,축산항,축산방파제,33.01,B
갯바위,부산시,대변항,대변항 북측 갯바위,33.02,B
갯바위,삼척시,갈남리,갈남해수욕장,33.04,B
갯바위,삼척시,갈남리,갈남해수욕장,33.04,B
갯바위,부산시,대변항,대변항 북측 갯바위,33.08,B
방파제,울산시,방어진항,방어진항방파제,33.1,B
갯바위,삼척시,갈남리,갈남해수욕장,33.11,B
갯바위,부산시,이기대,이기대갯바위,33.11,B
갯바위,부산시,대변항,대변항 북측 갯바위,33.12,B
갯벌,서천군,선도리,선도리갯벌,33.14,B
갯바위,부산시,이기대,이기대갯바위,33.15,B
갯벌,서천군,선도리,선도리갯벌,33.15,B
방파제,영덕군,축산항,축산방파제,33.15,B
갯바위,부산시,대변항,대변항 북측 갯바위,33.19,B
갯벌,서천군,선도리,선도리갯벌,33.19,B
갯바위,부산시,대변항,대변항 북측 갯바위,33.2,B
방파제,영덕군,축산항,축산방파제,33.21,B
갯바위,부산시,이기대,이기대갯바위,33.22,B
갯바위,부산시,이기대,이기대갯바위,33.24,B
갯바위,부산시,대변항,대변항 북측 갯바위,33.27,B
갯벌,서천군,선도리,선도리갯벌,33.27,B
갯바위,삼척시,갈남리,갈남해수욕장,33.28,B
갯바위,부산시,이기대,이기대갯바위,33.28,B
갯바위,부산시,이기대,이기대갯바위,33.29,B
방파제,영덕군,축산항,축산방파제,33.31,B
갯벌,태안군,방포항,할미할아비바위,33.35,B
갯바위,삼척시,갈남리,갈남해수욕장,33.36,B
갯벌,서천군,선도리,선도리갯벌,33.36,B
갯벌,서천군,선도리,선도리갯벌,33.36,B
갯벌,서천군,선도리,선도리갯벌,33.37,B
갯벌,태안군,방포항,할미할아비바위,33.38,B
갯바위,삼척시,갈남리,갈남해수욕장,33.4,B
갯바위,부산시,대변항,대변항 북측 갯바위,33.41,B
갯바위,부산시,이기대,이기대갯바위,33.48,B
갯바위,삼척시,갈남리,갈남해수욕장,33.5,B
갯바위,삼척시,갈남리,갈남해수욕장,33.54,B
갯바위,부산시,이기대,이기대갯바위,33.54,B
갯바위,삼척시,갈남리,갈남해수욕장,33.55,B
갯바위,부산시,이기대,이기대갯바위,33.55,B
갯바위,부산시,이기대,이기대갯바위,33.57,B
갯벌,태안군,방포항,할미할아비바위,33.59,B
갯바위,부산시,대변항,대변항 북측 갯바위,33.6,B
갯바위,삼척시,갈남리,갈남해수욕장,33.62,B
갯바위,부산시,대변항,대변항 북측 갯바위,33.64,B
갯바위,부산시,이기대,이기대갯바위,33.65,B
갯바위,삼척시,갈남리,갈남해수욕장,33.66,B
갯바위,삼척시,갈남리,갈남해수욕장,33.67,B
갯벌,태안군,방포항,할미할아비바위,33.67,B
갯바위,부산시,대변항,대변항 북측 갯바위,33.67,B
갯바위,부안군,격포리,채석강,33.67,B
갯벌,태안군,방포항,할미할아비바위,33.69,B
방파제,영덕군,축산항,축산방파제,33.69,B
갯바위,부산시,이기대,이기대갯바위,33.73,B
갯벌,화성시,제부도,매바위,33.73,B
갯바위,부안군,격포리,채석강,33.73,B
갯바위,부안군,격포리,채석강,33.75,B
갯바위,부산시,대변항,대변항 북측 갯바위,33.77,B
갯바위,삼척시,갈남리,갈남해수욕장,33.78,B
갯벌,태안군,방포항,할미할아비바위,33.78,B
갯바위,부산시,대변항,대변항 북측 갯바위,33.78,B
방파제,울산시,방어진항,방어진항방파제,33.78,B
방파제,영덕군,축산항,축산방파제,33.79,B
갯바위,삼척시,갈남리,갈남해수욕장,33.81,B
갯바위,부산시,대변항,대변항 북측 갯바위,33.83,B
해수욕장,포항시,오도1리,오도리 해수욕장,33.85,B
갯벌,태안군,방포항,할미할아비바위,33.85,B
방파제,영덕군,축산항,축산방파제,33.85,B
갯바위,삼척시,갈남리,갈남해수욕장,33.9,B
갯벌,서천군,선도리,선도리갯벌,33.9,B
갯바위,삼척시,갈남리,갈남해수욕장,33.91,B
갯벌,서천군,선도리,선도리갯벌,33.93,B
방파제,영덕군,축산항,축산방파제,33.93,B
방파제,울산시,방어진항,방어진항방파제,33.94,B
갯바위,부산시,이기대,이기대갯바위,33.96,B
갯바위,삼척시,갈남리,갈남해수욕장,33.98,B
방파제,영덕군,축산항,축산방파제,33.98,B
갯바위,부안군,격포리,채석강,34,B
갯바위,부산시,이기대,이기대갯바위,34.02,B
갯바위,부산시,대변항,대변항 북측 갯바위,34.02,B
갯바위,부산시,이기대,이기대갯바위,34.04,B
방파제,영덕군,축산항,축산방파제,34.04,B
갯바위,부산시,이기대,이기대갯바위,34.07,B
방파제,영덕군,축산항,축산방파제,34.07,B
방파제,영덕군,축산항,축산방파제,34.08,B
갯바위,삼척시,갈남리,갈남해수욕장,34.09,B
방파제,영덕군,축산항,축산방파제,34.09,B
갯바위,부산시,이기대,이기대갯바위,34.11,B
방파제,울산시,방어진항,방어진항방파제,34.11,B
갯벌,서천군,선도리,선도리갯벌,34.12,B
갯바위,삼척시,갈남리,갈남해수욕장,34.13,B
방파제,영덕군,축산항,축산방파제,34.13,B
갯벌,서천군,선도리,선도리갯벌,34.14,B
갯바위,삼척시,갈남리,갈남해수욕장,34.15,B
갯바위,삼척시,갈남리,갈남해수욕장,34.15,B
방파제,영덕군,축산항,축산방파제,34.15,B
갯바위,삼척시,갈남리,갈남해수욕장,34.17,B
방파제,영덕군,축산항,축산방파제,34.17,B
갯바위,삼척시,갈남리,갈남해수욕장,34.18,B
갯바위,부산시,이기대,이기대갯바위,34.19,B
갯바위,부산시,대변항,대변항 북측 갯바위,34.21,B
갯바위,부산시,대변항,대변항 북측 갯바위,34.22,B
갯바위,부산시,대변항,대변항 북측 갯바위,34.24,B
갯벌,서천군,선도리,선도리갯벌,34.24,B
갯바위,부산시,이기대,이기대갯바위,34.26,B
갯바위,부산시,대변항,대변항 북측 갯바위,34.28,B
갯벌,서천군,선도리,선도리갯벌,34.28,B
갯벌,화성시,제부도,매바위,34.29,B
방파제,울산시,방어진항,방어진항방파제,34.29,B
갯바위,삼척시,갈남리,갈남해수욕장,34.3,B
갯바위,삼척시,갈남리,갈남해수욕장,34.3,B
갯바위,부산시,대변항,대변항 북측 갯바위,34.32,B
갯벌,태안군,방포항,할미할아비바위,34.34,B
갯바위,부안군,격포리,채석강,34.35,B
갯바위,부산시,대변항,대변항 북측 갯바위,34.37,B
갯바위,삼척시,갈남리,갈남해수욕장,34.39,B
갯바위,부산시,대변항,대변항 북측 갯바위,34.41,B
갯벌,서천군,선도리,선도리갯벌,34.41,B
방파제,영덕군,축산항,축산방파제,34.41,B
갯바위,부산시,이기대,이기대갯바위,34.45,B
갯바위,부산시,이기대,이기대갯바위,34.46,B
갯바위,부산시,대변항,대변항 북측 갯바위,34.47,B
갯벌,서천군,선도리,선도리갯벌,34.48,B
방파제,영덕군,축산항,축산방파제,34.48,B
갯바위,부산시,이기대,이기대갯바위,34.49,B
방파제,영덕군,축산항,축산방파제,34.49,B
갯벌,태안군,방포항,할미할아비바위,34.53,B
해수욕장,포항시,오도1리,오도리 해수욕장,34.55,B
방파제,영덕군,축산항,축산방파제,34.57,B
갯바위,삼척시,갈남리,갈남해수욕장,34.58,B
갯벌,서천군,선도리,선도리갯벌,34.58,B
방파제,영덕군,축산항,축산방파제,34.58,B
갯바위,부안군,격포리,채석강,34.62,B
갯바위,부산시,이기대,이기대갯바위,34.63,B
갯바위,삼척시,갈남리,갈남해수욕장,34.64,B
갯바위,부산시,대변항,대변항 북측 갯바위,34.64,B
방파제,영덕군,축산항,축산방파제,34.65,B
갯벌,서천군,선도리,선도리갯벌,34.66,B
갯바위,삼척시,갈남리,갈남해수욕장,34.67,B
갯벌,서천군,선도리,선도리갯벌,34.67,B
방파제,영덕군,축산항,축산방파제,34.68,B
갯바위,삼척시,갈남리,갈남해수욕장,34.72,B
갯바위,삼척시,갈남리,갈남해수욕장,34.73,B
갯바위,부산시,이기대,이기대갯바위,34.73,B
갯바위,부산시,이기대,이기대갯바위,34.73,B
갯벌,태안군,방포항,할미할아비바위,34.73,B
방파제,울산시,방어진항,방어진항방파제,34.75,B
방파제,영덕군,축산항,축산방파제,34.79,B
갯바위,삼척시,갈남리,갈남해수욕장,34.8,B
갯바위,부산시,이기대,이기대갯바위,34.81,B
갯바위,부산시,이기대,이기대갯바위,34.81,B
해수욕장,포항시,오도1리,오도리 해수욕장,34.82,B
갯벌,태안군,방포항,할미할아비바위,34.84,B
갯벌,태안군,방포항,할미할아비바위,34.88,B
갯바위,삼척시,갈남리,갈남해수욕장,34.9,B
방파제,영덕군,축산항,축산방파제,34.9,B
갯바위,삼척시,갈남리,갈남해수욕장,34.92,B
방파제,울산시,방어진항,방어진항방파제,34.93,B
방파제,영덕군,축산항,축산방파제,34.93,B
갯벌,서천군,선도리,선도리갯벌,34.95,B
갯바위,부산시,대변항,대변항 북측 갯바위,34.96,B
방파제,영덕군,축산항,축산방파제,34.96,B
갯바위,부산시,대변항,대변항 북측 갯바위,34.99,B
갯바위,삼척시,갈남리,갈남해수욕장,35,B
갯바위,삼척시,갈남리,갈남해수욕장,35.01,B
갯벌,서천군,선도리,선도리갯벌,35.01,B
갯바위,부산시,이기대,이기대갯바위,35.04,B
갯바위,부산시,대변항,대변항 북측 갯바위,35.06,B
갯벌,서천군,선도리,선도리갯벌,35.07,B
방파제,영덕군,축산항,축산방파제,35.07,B
갯바위,삼척시,갈남리,갈남해수욕장,35.09,B
갯바위,부산시,이기대,이기대갯바위,35.09,B
갯벌,서천군,선도리,선도리갯벌,35.09,B
방파제,영덕군,축산항,축산방파제,35.11,B
방파제,영덕군,축산항,축산방파제,35.11,B
방파제,영덕군,축산항,축산방파제,35.12,B
방파제,영덕군,축산항,축산방파제,35.12,B
갯바위,삼척시,갈남리,갈남해수욕장,35.13,B
갯바위,부산시,이기대,이기대갯바위,35.13,B
갯벌,서천군,선도리,선도리갯벌,35.13,B
갯벌,서천군,선도리,선도리갯벌,35.13,B
갯벌,서천군,선도리,선도리갯벌,35.15,B
갯바위,삼척시,갈남리,갈남해수욕장,35.16,B
갯벌,서천군,선도리,선도리갯벌,35.16,B
방파제,영덕군,축산항,축산방파제,35.17,B
갯바위,삼척시,갈남리,갈남해수욕장,35.19,B
갯바위,부산시,대변항,대변항 북측 갯바위,35.19,B
갯바위,삼척시,갈남리,갈남해수욕장,35.22,B
갯벌,태안군,방포항,할미할아비바위,35.22,B
방파제,영덕군,축산항,축산방파제,35.24,B
갯바위,삼척시,갈남리,갈남해수욕장,35.26,B
갯바위,삼척시,갈남리,갈남해수욕장,35.27,B
갯바위,삼척시,갈남리,갈남해수욕장,35.3,B
갯벌,서천군,선도리,선도리갯벌,35.3,B
갯바위,삼척시,갈남리,갈남해수욕장,35.32,B
갯벌,서천군,선도리,선도리갯벌,35.32,B
해수욕장,포항시,오도1리,오도리 해수욕장,35.33,B
갯바위,부산시,이기대,이기대갯바위,35.34,B
갯바위,부산시,이기대,이기대갯바위,35.34,B
갯바위,부산시,이기대,이기대갯바위,35.36,B
갯바위,삼척시,갈남리,갈남해수욕장,35.38,B
갯벌,태안군,방포항,할미할아비바위,35.41,B
해수욕장,포항시,오도1리,오도리 해수욕장,35.42,B
갯벌,서천군,선도리,선도리갯벌,35.43,B
갯바위,삼척시,갈남리,갈남해수욕장,35.46,B
갯바위,부산시,이기대,이기대갯바위,35.46,B
갯바위,삼척시,갈남리,갈남해수욕장,35.47,B
갯바위,부산시,이기대,이기대갯바위,35.47,B
갯벌,서천군,선도리,선도리갯벌,35.47,B
갯벌,서천군,선도리,선도리갯벌,35.48,B
방파제,울산시,방어진항,방어진항방파제,35.49,B
갯벌,서천군,선도리,선도리갯벌,35.51,B
갯바위,삼척시,갈남리,갈남해수욕장,35.52,B
갯바위,삼척시,갈남리,갈남해수욕장,35.53,B
갯바위,부산시,이기대,이기대갯바위,35.53,B
갯바위,부산시,이기대,이기대갯바위,35.54,B
갯바위,삼척시,갈남리,갈남해수욕장,35.56,B
갯바위,삼척시,갈남리,갈남해수욕장,35.57,B
갯바위,삼척시,갈남리,갈남해수욕장,35.6,B
갯바위,삼척시,갈남리,갈남해수욕장,35.61,B
갯벌,태안군,방포항,할미할아비바위,35.61,B
갯벌,태안군,방포항,할미할아비바위,35.64,B
갯벌,서천군,선도리,선도리갯벌,35.64,B
갯바위,삼척시,갈남리,갈남해수욕장,35.65,B
갯바위,삼척시,갈남리,갈남해수욕장,35.65,B
갯바위,삼척시,갈남리,갈남해수욕장,35.65,B
갯바위,부산시,이기대,이기대갯바위,35.65,B
갯벌,서천군,선도리,선도리갯벌,35.68,B
갯바위,부산시,대변항,대변항 북측 갯바위,35.7,B
갯벌,서천군,선도리,선도리갯벌,35.7,B
갯바위,부산시,이기대,이기대갯바위,35.72,B
갯벌,서천군,선도리,선도리갯벌,35.74,B
방파제,울산시,방어진항,방어진항방파제,35.75,B
갯바위,부산시,대변항,대변항 북측 갯바위,35.78,B
방파제,영덕군,축산항,축산방파제,35.78,B
방파제,영덕군,축산항,축산방파제,35.79,B
갯바위,삼척시,갈남리,갈남해수욕장,35.85,B
갯바위,부산시,이기대,이기대갯바위,35.85,B
갯벌,태안군,방포항,할미할아비바위,35.85,B
방파제,울산시,방어진항,방어진항방파제,35.86,B
갯바위,부산시,대변항,대변항 북측 갯바위,35.87,B
방파제,영덕군,축산항,축산방파제,35.87,B
방파제,영덕군,축산항,축산방파제,35.87,B
방파제,영덕군,축산항,축산방파제,35.9,B
갯바위,부산시,대변항,대변항 북측 갯바위,35.91,B
갯바위,삼척시,갈남리,갈남해수욕장,35.92,B
갯벌,화성시,제부도,매바위,35.92,B
갯바위,삼척시,갈남리,갈남해수욕장,35.93,B
갯바위,삼척시,갈남리,갈남해수욕장,35.93,B
갯바위,부산시,이기대,이기대갯바위,35.93,B
갯바위,부산시,이기대,이기대갯바위,35.96,B
갯바위,부산시,대변항,대변항 북측 갯바위,35.96,B
갯바위,부산시,대변항,대변항 북측 갯바위,35.97,B
갯벌,서천군,선도리,선도리갯벌,35.97,B
갯벌,서천군,선도리,선도리갯벌,36.01,B
방파제,울산시,방어진항,방어진항방파제,36.02,B
갯바위,부산시,이기대,이기대갯바위,36.03,B
갯바위,부산시,이기대,이기대갯바위,36.03,B
갯바위,부산시,대변항,대변항 북측 갯바위,36.03,B
방파제,울산시,방어진항,방어진항방파제,36.03,B
갯벌,태안군,방포항,할미할아비바위,36.05,B
갯벌,서천군,선도리,선도리갯벌,36.07,B
갯바위,부산시,대변항,대변항 북측 갯바위,36.08,B
갯바위,부산시,이기대,이기대갯바위,36.11,B
갯바위,부산시,대변항,대변항 북측 갯바위,36.13,B
방파제,울산시,방어진항,방어진항방파제,36.16,B
방파제,영덕군,축산항,축산방파제,36.19,B
갯바위,삼척시,갈남리,갈남해수욕장,36.2,B
갯바위,부산시,이기대,이기대갯바위,36.2,B
갯바위,부산시,대변항,대변항 북측 갯바위,36.2,B
갯바위,부산시,이기대,이기대갯바위,36.21,B
갯바위,부산시,대변항,대변항 북측 갯바위,36.21,B
방파제,영덕군,축산항,축산방파제,36.21,B
방파제,영덕군,축산항,축산방파제,36.24,B
방파제,영덕군,축산항,축산방파제,36.24,B
갯벌,태안군,방포항,할미할아비바위,36.25,B
해수욕장,포항시,오도1리,오도리 해수욕장,36.26,B
갯벌,태안군,방포항,할미할아비바위,36.26,B
갯바위,삼척시,갈남리,갈남해수욕장,36.28,B
갯바위,부산시,이기대,이기대갯바위,36.32,B
갯바위,부산시,이기대,이기대갯바위,36.35,B
갯바위,부산시,이기대,이기대갯바위,36.37,B
갯바위,부산시,이기대,이기대갯바위,36.39,B
갯바위,부산시,이기대,이기대갯바위,36.42,B
갯바위,부산시,대변항,대변항 북측 갯바위,36.43,B
갯바위,부산시,이기대,이기대갯바위,36.45,B
갯벌,서천군,선도리,선도리갯벌,36.46,B
갯바위,삼척시,갈남리,갈남해수욕장,36.48,B
갯바위,부산시,이기대,이기대갯바위,36.48,B
갯바위,삼척시,갈남리,갈남해수욕장,36.51,B
갯바위,부산시,이기대,이기대갯바위,36.51,B
갯바위,삼척시,갈남리,갈남해수욕장,36.52,B
방파제,울산시,방어진항,방어진항방파제,36.53,B
방파제,영덕군,축산항,축산방파제,36.53,B
갯벌,서천군,선도리,선도리갯벌,36.54,B
방파제,울산시,방어진항,방어진항방파제,36.55,B
방파제,울산시,방어진항,방어진항방파제,36.6,B
갯바위,삼척시,갈남리,갈남해수욕장,36.62,B
갯바위,삼척시,갈남리,갈남해수욕장,36.62,B
갯바위,부산시,이기대,이기대갯바위,36.65,B
갯바위,부산시,이기대,이기대갯바위,36.7,B
갯바위,부산시,대변항,대변항 북측 갯바위,36.7,B
해수욕장,포항시,오도1리,오도리 해수욕장,36.72,B
갯벌,서천군,선도리,선도리갯벌,36.73,B
갯바위,부산시,대변항,대변항 북측 갯바위,36.74,B
갯바위,삼척시,갈남리,갈남해수욕장,36.76,B
갯벌,서천군,선도리,선도리갯벌,36.77,B
방파제,영덕군,축산항,축산방파제,36.77,B
갯바위,삼척시,갈남리,갈남해수욕장,36.78,B
갯바위,삼척시,갈남리,갈남해수욕장,36.8,B
갯바위,삼척시,갈남리,갈남해수욕장,36.82,B
갯바위,삼척시,갈남리,갈남해수욕장,36.82,B
갯바위,부산시,이기대,이기대갯바위,36.82,B
갯바위,부산시,대변항,대변항 북측 갯바위,36.82,B
갯벌,태안군,방포항,할미할아비바위,36.83,B
갯바위,삼척시,갈남리,갈남해수욕장,36.84,B
갯바위,부산시,대변항,대변항 북측 갯바위,36.84,B
방파제,울산시,방어진항,방어진항방파제,36.84,B
갯바위,삼척시,갈남리,갈남해수욕장,36.87,B
갯바위,부산시,이기대,이기대갯바위,36.88,B
갯바위,부산시,이기대,이기대갯바위,36.89,B
방파제,영덕군,축산항,축산방파제,36.9,B
방파제,영덕군,축산항,축산방파제,36.91,B
갯바위,삼척시,갈남리,갈남해수욕장,36.92,B
해수욕장,포항시,오도1리,오도리 해수욕장,36.96,B
갯바위,삼척시,갈남리,갈남해수욕장,37.01,B
갯바위,삼척시,갈남리,갈남해수욕장,37.08,B
갯바위,부산시,대변항,대변항 북측 갯바위,37.08,B
갯벌,서천군,선도리,선도리갯벌,37.08,B
방파제,영덕군,축산항,축산방파제,37.12,B
해수욕장,포항시,오도1리,오도리 해수욕장,37.15,B
방파제,영덕군,축산항,축산방파제,37.15,B
갯바위,부산시,이기대,이기대갯바위,37.16,B
갯바위,부산시,이기대,이기대갯바위,37.17,B
갯벌,서천군,선도리,선도리갯벌,37.19,B
갯바위,삼척시,갈남리,갈남해수욕장,37.21,B
갯바위,삼척시,갈남리,갈남해수욕장,37.25,B
갯바위,부산시,이기대,이기대갯바위,37.25,B
갯바위,삼척시,갈남리,갈남해수욕장,37.26,B
갯벌,서천군,선도리,선도리갯벌,37.28,B
갯벌,서천군,선도리,선도리갯벌,37.3,B
방파제,영덕군,축산항,축산방파제,37.3,B
갯바위,부산시,이기대,이기대갯바위,37.33,B
방파제,영덕군,축산항,축산방파제,37.33,B
갯바위,부산시,대변항,대변항 북측 갯바위,37.34,B
갯바위,삼척시,갈남리,갈남해수욕장,37.35,B
갯바위,삼척시,갈남리,갈남해수욕장,37.35,B
갯벌,서천군,선도리,선도리갯벌,37.35,B
갯벌,서천군,선도리,선도리갯벌,37.35,B
갯벌,서천군,선도리,선도리갯벌,37.38,B
갯바위,부산시,이기대,이기대갯바위,37.41,B
방파제,영덕군,축산항,축산방파제,37.41,B
갯바위,삼척시,갈남리,갈남해수욕장,37.47,B
갯바위,부산시,이기대,이기대갯바위,37.47,B
갯바위,부산시,이기대,이기대갯바위,37.48,B
갯바위,부산시,대변항,대변항 북측 갯바위,37.49,B
갯벌,서천군,선도리,선도리갯벌,37.49,B
갯바위,삼척시,갈남리,갈남해수욕장,37.51,B
갯바위,부안군,격포리,채석강,37.52,B
갯바위,부산시,이기대,이기대갯바위,37.53,B
갯벌,서천군,선도리,선도리갯벌,37.57,B
방파제,영덕군,축산항,축산방파제,37.59,B
갯바위,삼척시,갈남리,갈남해수욕장,37.6,B
갯벌,태안군,방포항,할미할아비바위,37.61,B
갯바위,삼척시,갈남리,갈남해수욕장,37.65,B
갯벌,태안군,방포항,할미할아비바위,37.65,B
갯바위,부산시,대변항,대변항 북측 갯바위,37.71,B
갯바위,삼척시,갈남리,갈남해수욕장,37.73,B
갯바위,부산시,이기대,이기대갯바위,37.74,B
갯바위,부산시,이기대,이기대갯바위,37.74,B
갯바위,부산시,이기대,이기대갯바위,37.76,B
갯바위,삼척시,갈남리,갈남해수욕장,37.78,B
갯바위,삼척시,갈남리,갈남해수욕장,37.8,B
갯바위,부산시,이기대,이기대갯바위,37.81,B
갯벌,서천군,선도리,선도리갯벌,37.82,B
갯바위,삼척시,갈남리,갈남해수욕장,37.83,B
갯바위,부산시,대변항,대변항 북측 갯바위,37.83,B
갯바위,삼척시,갈남리,갈남해수욕장,37.84,B
방파제,울산시,방어진항,방어진항방파제,37.85,B
갯바위,삼척시,갈남리,갈남해수욕장,37.86,B
갯바위,부산시,대변항,대변항 북측 갯바위,37.87,B
갯바위,삼척시,갈남리,갈남해수욕장,37.89,B
갯바위,삼척시,갈남리,갈남해수욕장,37.9,B
갯바위,부산시,이기대,이기대갯바위,37.93,B
갯바위,삼척시,갈남리,갈남해수욕장,37.95,B
방파제,영덕군,축산항,축산방파제,37.95,B
갯바위,삼척시,갈남리,갈남해수욕장,37.96,B
갯바위,삼척시,갈남리,갈남해수욕장,37.97,B
갯벌,태안군,방포항,할미할아비바위,37.97,B
갯벌,서천군,선도리,선도리갯벌,37.98,B
갯바위,삼척시,갈남리,갈남해수욕장,38.03,B
갯바위,삼척시,갈남리,갈남해수욕장,38.05,B
갯바위,부산시,이기대,이기대갯바위,38.05,B
갯바위,삼척시,갈남리,갈남해수욕장,38.07,B
갯바위,삼척시,갈남리,갈남해수욕장,38.08,B
방파제,영덕군,축산항,축산방파제,38.08,B
방파제,영덕군,축산항,축산방파제,38.08,B
갯바위,삼척시,갈남리,갈남해수욕장,38.09,B
갯바위,삼척시,갈남리,갈남해수욕장,38.09,B
갯바위,부산시,대변항,대변항 북측 갯바위,38.09,B
갯바위,삼척시,갈남리,갈남해수욕장,38.1,B
갯바위,삼척시,갈남리,갈남해수욕장,38.11,B
갯바위,삼척시,갈남리,갈남해수욕장,38.11,B
갯바위,삼척시,갈남리,갈남해수욕장,38.12,B
갯벌,서천군,선도리,선도리갯벌,38.12,B
갯바위,부산시,이기대,이기대갯바위,38.13,B
방파제,울산시,방어진항,방어진항방파제,38.13,B
갯바위,삼척시,갈남리,갈남해수욕장,38.15,B
갯바위,부산시,이기대,이기대갯바위,38.16,B
갯바위,부산시,이기대,이기대갯바위,38.19,B
갯벌,태안군,방포항,할미할아비바위,38.21,B
갯바위,부산시,이기대,이기대갯바위,38.22,B
갯바위,삼척시,갈남리,갈남해수욕장,38.23,B
갯바위,삼척시,갈남리,갈남해수욕장,38.25,B
갯바위,삼척시,갈남리,갈남해수욕장,38.26,B
갯벌,서천군,선도리,선도리갯벌,38.29,B
방파제,영덕군,축산항,축산방파제,38.31,B
방파제,영덕군,축산항,축산방파제,38.33,B
갯벌,서천군,선도리,선도리갯벌,38.34,B
갯바위,삼척시,갈남리,갈남해수욕장,38.37,B
갯벌,화성시,제부도,매바위,38.37,B
갯바위,삼척시,갈남리,갈남해수욕장,38.38,B
방파제,영덕군,축산항,축산방파제,38.42,B
갯바위,부산시,대변항,대변항 북측 갯바위,38.46,B
갯벌,태안군,방포항,할미할아비바위,38.47,B
갯바위,삼척시,갈남리,갈남해수욕장,38.51,B
해수욕장,포항시,오도1리,오도리 해수욕장,38.55,B
갯바위,부산시,이기대,이기대갯바위,38.56,B
해수욕장,포항시,오도1리,오도리 해수욕장,38.58,B
갯바위,부산시,이기대,이기대갯바위,38.59,B
갯벌,태안군,방포항,할미할아비바위,38.6,B
갯바위,삼척시,갈남리,갈남해수욕장,38.61,B
갯바위,부산시,이기대,이기대갯바위,38.62,B
갯바위,삼척시,갈남리,갈남해수욕장,38.66,B
갯벌,태안군,방포항,할미할아비바위,38.7,B
방파제,영덕군,축산항,축산방파제,38.71,B
갯바위,삼척시,갈남리,갈남해수욕장,38.72,B
갯바위,삼척시,갈남리,갈남해수욕장,38.76,B
갯바위,삼척시,갈남리,갈남해수욕장,38.76,B
갯바위,삼척시,갈남리,갈남해수욕장,38.79,B
갯바위,부산시,이기대,이기대갯바위,38.81,B
갯바위,부산시,대변항,대변항 북측 갯바위,38.82,B
갯바위,삼척시,갈남리,갈남해수욕장,38.83,B
갯벌,서천군,선도리,선도리갯벌,38.84,B
갯바위,삼척시,갈남리,갈남해수욕장,38.85,B
갯바위,부산시,이기대,이기대갯바위,38.85,B
갯바위,삼척시,갈남리,갈남해수욕장,38.86,B
갯벌,서천군,선도리,선도리갯벌,38.86,B
갯벌,서천군,선도리,선도리갯벌,38.88,B
갯바위,삼척시,갈남리,갈남해수욕장,38.89,B
갯바위,삼척시,갈남리,갈남해수욕장,38.94,B
방파제,울산시,방어진항,방어진항방파제,38.94,B
갯바위,삼척시,갈남리,갈남해수욕장,38.95,B
갯바위,삼척시,갈남리,갈남해수욕장,38.95,B
갯바위,부산시,대변항,대변항 북측 갯바위,38.96,B
갯벌,태안군,방포항,할미할아비바위,38.97,B
갯바위,삼척시,갈남리,갈남해수욕장,38.98,B
갯바위,부산시,이기대,이기대갯바위,38.98,B
갯벌,서천군,선도리,선도리갯벌,38.98,B
갯벌,서천군,선도리,선도리갯벌,38.98,B
갯바위,부산시,이기대,이기대갯바위,38.99,B
갯바위,삼척시,갈남리,갈남해수욕장,39,B
갯벌,태안군,방포항,할미할아비바위,39,B
갯벌,서천군,선도리,선도리갯벌,39.01,B
갯벌,서천군,선도리,선도리갯벌,39.02,B
갯바위,부산시,이기대,이기대갯바위,39.03,B
갯벌,태안군,방포항,할미할아비바위,39.03,B
갯바위,삼척시,갈남리,갈남해수욕장,39.04,B
갯바위,삼척시,갈남리,갈남해수욕장,39.04,B
갯벌,태안군,방포항,할미할아비바위,39.04,B
갯바위,부산시,대변항,대변항 북측 갯바위,39.04,B
갯바위,부산시,대변항,대변항 북측 갯바위,39.06,B
갯벌,서천군,선도리,선도리갯벌,39.07,B
갯바위,부산시,이기대,이기대갯바위,39.08,B
갯바위,부산시,대변항,대변항 북측 갯바위,39.08,B
갯바위,삼척시,갈남리,갈남해수욕장,39.1,B
갯바위,부산시,대변항,대변항 북측 갯바위,39.12,B
방파제,영덕군,축산항,축산방파제,39.12,B
해수욕장,포항시,오도1리,오도리 해수욕장,39.13,B
해수욕장,포항시,오도1리,오도리 해수욕장,39.13,B
갯바위,삼척시,갈남리,갈남해수욕장,39.17,B
갯바위,부산시,이기대,이기대갯바위,39.19,B
방파제,울산시,방어진항,방어진항방파제,39.19,B
갯벌,서천군,선도리,선도리갯벌,39.19,B
해수욕장,포항시,오도1리,오도리 해수욕장,39.21,B
갯바위,부산시,이기대,이기대갯바위,39.21,B
갯바위,부산시,이기대,이기대갯바위,39.27,B
갯바위,부산시,이기대,이기대갯바위,39.28,B
갯벌,서천군,선도리,선도리갯벌,39.29,B
갯바위,삼척시,갈남리,갈남해수욕장,39.34,B
갯벌,서천군,선도리,선도리갯벌,39.34,B
갯바위,부산시,이기대,이기대갯바위,39.37,B
갯바위,삼척시,갈남리,갈남해수욕장,39.39,B
갯바위,부산시,이기대,이기대갯바위,39.39,B
갯바위,부산시,이기대,이기대갯바위,39.4,B
갯바위,부산시,대변항,대변항 북측 갯바위,39.4,B
방파제,영덕군,축산항,축산방파제,39.42,B
방파제,영덕군,축산항,축산방파제,39.44,B
갯바위,부산시,이기대,이기대갯바위,39.46,B
갯바위,부산시,이기대,이기대갯바위,39.47,B
갯바위,부산시,대변항,대변항 북측 갯바위,39.48,B
방파제,영덕군,축산항,축산방파제,39.5,B
갯바위,부산시,대변항,대변항 북측 갯바위,39.52,B
방파제,영덕군,축산항,축산방파제,39.57,B
방파제,영덕군,축산항,축산방파제,39.57,B
갯바위,삼척시,갈남리,갈남해수욕장,39.61,B
방파제,영덕군,축산항,축산방파제,39.61,B
갯바위,삼척시,갈남리,갈남해수욕장,39.65,B
갯벌,서천군,선도리,선도리갯벌,39.66,B
갯바위,삼척시,갈남리,갈남해수욕장,39.68,B
방파제,영덕군,축산항,축산방파제,39.69,B
갯바위,부산시,이기대,이기대갯바위,39.74,B
갯바위,삼척시,갈남리,갈남해수욕장,39.75,B
방파제,울산시,방어진항,방어진항방파제,39.77,B
갯바위,부산시,이기대,이기대갯바위,39.78,B
방파제,영덕군,축산항,축산방파제,39.78,B
갯바위,삼척시,갈남리,갈남해수욕장,39.8,B
갯바위,부산시,이기대,이기대갯바위,39.8,B
방파제,영덕군,축산항,축산방파제,39.81,B
갯바위,부산시,이기대,이기대갯바위,39.83,B
갯바위,부산시,이기대,이기대갯바위,39.84,B
갯바위,삼척시,갈남리,갈남해수욕장,39.87,B
갯바위,부산시,이기대,이기대갯바위,39.88,B
갯바위,삼척시,갈남리,갈남해수욕장,39.9,B
갯바위,부산시,이기대,이기대갯바위,39.91,B
갯벌,태안군,방포항,할미할아비바위,39.96,B
해수욕장,포항시,오도1리,오도리 해수욕장,40.01,C
갯바위,부산시,이기대,이기대갯바위,40.02,C
갯벌,서천군,선도리,선도리갯벌,40.05,C
갯바위,부산시,이기대,이기대갯바위,40.06,C
갯바위,삼척시,갈남리,갈남해수욕장,40.08,C
갯바위,삼척시,갈남리,갈남해수욕장,40.16,C
갯바위,부산시,이기대,이기대갯바위,40.18,C
갯바위,부산시,대변항,대변항 북측 갯바위,40.18,C
갯벌,서천군,선도리,선도리갯벌,40.18,C
방파제,영덕군,축산항,축산방파제,40.19,C
갯벌,서천군,선도리,선도리갯벌,40.2,C
갯바위,삼척시,갈남리,갈남해수욕장,40.21,C
갯바위,삼척시,갈남리,갈남해수욕장,40.21,C
갯벌,태안군,방포항,할미할아비바위,40.21,C
갯바위,부산시,이기대,이기대갯바위,40.29,C
해수욕장,포항시,오도1리,오도리 해수욕장,40.3,C
갯바위,부산시,대변항,대변항 북측 갯바위,40.31,C
갯바위,삼척시,갈남리,갈남해수욕장,40.33,C
갯바위,삼척시,갈남리,갈남해수욕장,40.39,C
갯바위,삼척시,갈남리,갈남해수욕장,40.4,C
갯바위,삼척시,갈남리,갈남해수욕장,40.41,C
갯바위,부산시,대변항,대변항 북측 갯바위,40.41,C
갯바위,삼척시,갈남리,갈남해수욕장,40.42,C
갯바위,삼척시,갈남리,갈남해수욕장,40.42,C
갯바위,부산시,이기대,이기대갯바위,40.43,C
갯바위,부안군,격포리,채석강,40.45,C
갯바위,삼척시,갈남리,갈남해수욕장,40.52,C
갯바위,부산시,이기대,이기대갯바위,40.52,C
갯바위,삼척시,갈남리,갈남해수욕장,40.59,C
갯바위,부산시,대변항,대변항 북측 갯바위,40.65,C
갯바위,부산시,대변항,대변항 북측 갯바위,40.66,C
갯바위,삼척시,갈남리,갈남해수욕장,40.73,C
갯벌,서천군,선도리,선도리갯벌,40.73,C
방파제,영덕군,축산항,축산방파제,40.73,C
방파제,영덕군,축산항,축산방파제,40.73,C
갯바위,부산시,이기대,이기대갯바위,40.81,C
갯바위,부산시,이기대,이기대갯바위,40.81,C
갯벌,서천군,선도리,선도리갯벌,40.87,C
갯벌,태안군,방포항,할미할아비바위,40.88,C
갯바위,삼척시,갈남리,갈남해수욕장,40.9,C
갯바위,삼척시,갈남리,갈남해수욕장,40.97,C
갯바위,삼척시,갈남리,갈남해수욕장,40.99,C
방파제,영덕군,축산항,축산방파제,41.01,C
갯바위,삼척시,갈남리,갈남해수욕장,41.03,C
해수욕장,포항시,오도1리,오도리 해수욕장,41.06,C
방파제,영덕군,축산항,축산방파제,41.08,C
갯벌,태안군,방포항,할미할아비바위,41.1,C
갯바위,삼척시,갈남리,갈남해수욕장,41.11,C
갯바위,삼척시,갈남리,갈남해수욕장,41.13,C
갯벌,화성시,제부도,매바위,41.13,C
갯벌,태안군,방포항,할미할아비바위,41.14,C
갯벌,서천군,선도리,선도리갯벌,41.15,C
갯벌,서천군,선도리,선도리갯벌,41.19,C
갯바위,삼척시,갈남리,갈남해수욕장,41.2,C
갯바위,삼척시,갈남리,갈남해수욕장,41.2,C
갯바위,삼척시,갈남리,갈남해수욕장,41.22,C
갯바위,삼척시,갈남리,갈남해수욕장,41.22,C
방파제,영덕군,축산항,축산방파제,41.23,C
갯바위,삼척시,갈남리,갈남해수욕장,41.24,C
방파제,영덕군,축산항,축산방파제,41.24,C
갯벌,태안군,방포항,할미할아비바위,41.29,C
갯벌,태안군,방포항,할미할아비바위,41.29,C
갯바위,삼척시,갈남리,갈남해수욕장,41.31,C
갯바위,부산시,대변항,대변항 북측 갯바위,41.31,C
갯바위,삼척시,갈남리,갈남해수욕장,41.32,C
갯벌,서천군,선도리,선도리갯벌,41.32,C
갯바위,부산시,이기대,이기대갯바위,41.33,C
갯벌,서천군,선도리,선도리갯벌,41.33,C
해수욕장,포항시,오도1리,오도리 해수욕장,41.34,C
갯바위,부산시,이기대,이기대갯바위,41.34,C
갯벌,태안군,방포항,할미할아비바위,41.35,C
갯바위,부산시,이기대,이기대갯바위,41.37,C
갯바위,부산시,대변항,대변항 북측 갯바위,41.37,C
갯바위,삼척시,갈남리,갈남해수욕장,41.46,C
갯벌,서천군,선도리,선도리갯벌,41.46,C
갯바위,삼척시,갈남리,갈남해수욕장,41.47,C
갯벌,태안군,방포항,할미할아비바위,41.47,C
방파제,영덕군,축산항,축산방파제,41.47,C
갯바위,부산시,대변항,대변항 북측 갯바위,41.48,C
갯바위,삼척시,갈남리,갈남해수욕장,41.53,C
갯벌,서천군,선도리,선도리갯벌,41.53,C
갯벌,서천군,선도리,선도리갯벌,41.56,C
방파제,영덕군,축산항,축산방파제,41.56,C
방파제,영덕군,축산항,축산방파제,41.56,C
갯바위,부산시,대변항,대변항 북측 갯바위,41.58,C
방파제,영덕군,축산항,축산방파제,41.6,C
갯바위,부산시,이기대,이기대갯바위,41.61,C
방파제,영덕군,축산항,축산방파제,41.65,C
갯바위,삼척시,갈남리,갈남해수욕장,41.66,C
갯바위,삼척시,갈남리,갈남해수욕장,41.67,C
갯벌,태안군,방포항,할미할아비바위,41.67,C
갯바위,부산시,대변항,대변항 북측 갯바위,41.69,C
갯벌,서천군,선도리,선도리갯벌,41.74,C
갯벌,서천군,선도리,선도리갯벌,41.82,C
갯바위,삼척시,갈남리,갈남해수욕장,41.83,C
갯바위,삼척시,갈남리,갈남해수욕장,41.83,C
갯바위,삼척시,갈남리,갈남해수욕장,41.84,C
갯바위,삼척시,갈남리,갈남해수욕장,41.86,C
방파제,울산시,방어진항,방어진항방파제,41.86,C
갯바위,삼척시,갈남리,갈남해수욕장,41.89,C
갯바위,부산시,이기대,이기대갯바위,41.89,C
갯벌,태안군,방포항,할미할아비바위,41.89,C
갯벌,서천군,선도리,선도리갯벌,41.91,C
갯바위,부산시,이기대,이기대갯바위,41.93,C
갯바위,부산시,이기대,이기대갯바위,41.99,C
갯바위,삼척시,갈남리,갈남해수욕장,42.05,C
갯바위,삼척시,갈남리,갈남해수욕장,42.06,C
갯바위,삼척시,갈남리,갈남해수욕장,42.09,C
갯바위,부산시,이기대,이기대갯바위,42.1,C
갯벌,태안군,방포항,할미할아비바위,42.12,C
갯바위,삼척시,갈남리,갈남해수욕장,42.15,C
갯바위,삼척시,갈남리,갈남해수욕장,42.18,C
갯벌,태안군,방포항,할미할아비바위,42.18,C
갯바위,삼척시,갈남리,갈남해수욕장,42.2,C
방파제,영덕군,축산항,축산방파제,42.23,C
갯바위,부산시,대변항,대변항 북측 갯바위,42.29,C
갯바위,삼척시,갈남리,갈남해수욕장,42.32,C
갯바위,삼척시,갈남리,갈남해수욕장,42.34,C
방파제,울산시,방어진항,방어진항방파제,42.35,C
갯바위,부산시,이기대,이기대갯바위,42.36,C
갯바위,부산시,이기대,이기대갯바위,42.38,C
갯바위,삼척시,갈남리,갈남해수욕장,42.41,C
갯바위,삼척시,갈남리,갈남해수욕장,42.42,C
갯바위,부산시,이기대,이기대갯바위,42.42,C
갯바위,부산시,이기대,이기대갯바위,42.45,C
갯바위,삼척시,갈남리,갈남해수욕장,42.46,C
갯바위,부산시,이기대,이기대갯바위,42.46,C
갯바위,부산시,이기대,이기대갯바위,42.54,C
갯바위,삼척시,갈남리,갈남해수욕장,42.61,C
갯바위,삼척시,갈남리,갈남해수욕장,42.61,C
갯바위,삼척시,갈남리,갈남해수욕장,42.68,C
갯바위,삼척시,갈남리,갈남해수욕장,42.68,C
갯바위,삼척시,갈남리,갈남해수욕장,42.7,C
갯바위,부산시,이기대,이기대갯바위,42.7,C
갯바위,삼척시,갈남리,갈남해수욕장,42.72,C
방파제,영덕군,축산항,축산방파제,42.74,C
갯바위,부산시,이기대,이기대갯바위,42.77,C
갯바위,부산시,이기대,이기대갯바위,42.78,C
갯바위,부산시,이기대,이기대갯바위,42.78,C
해수욕장,포항시,오도1리,오도리 해수욕장,42.84,C
갯바위,삼척시,갈남리,갈남해수욕장,42.86,C
갯바위,삼척시,갈남리,갈남해수욕장,42.95,C
갯바위,삼척시,갈남리,갈남해수욕장,42.95,C
갯바위,삼척시,갈남리,갈남해수욕장,43.02,C
갯바위,부산시,이기대,이기대갯바위,43.05,C
갯벌,서천군,선도리,선도리갯벌,43.09,C
갯바위,삼척시,갈남리,갈남해수욕장,43.1,C
갯벌,서천군,선도리,선도리갯벌,43.1,C
갯바위,삼척시,갈남리,갈남해수욕장,43.11,C
갯바위,부산시,이기대,이기대갯바위,43.13,C
갯벌,서천군,선도리,선도리갯벌,43.15,C
갯바위,삼척시,갈남리,갈남해수욕장,43.17,C
갯벌,서천군,선도리,선도리갯벌,43.17,C
갯바위,삼척시,갈남리,갈남해수욕장,43.18,C
갯바위,부안군,격포리,채석강,43.18,C
방파제,영덕군,축산항,축산방파제,43.19,C
갯바위,삼척시,갈남리,갈남해수욕장,43.22,C
갯바위,삼척시,갈남리,갈남해수욕장,43.26,C
해수욕장,포항시,오도1리,오도리 해수욕장,43.28,C
갯바위,삼척시,갈남리,갈남해수욕장,43.3,C
갯바위,부산시,대변항,대변항 북측 갯바위,43.3,C
갯바위,삼척시,갈남리,갈남해수욕장,43.35,C
갯벌,서천군,선도리,선도리갯벌,43.35,C
갯바위,부산시,이기대,이기대갯바위,43.37,C
갯바위,삼척시,갈남리,갈남해수욕장,43.38,C
갯벌,서천군,선도리,선도리갯벌,43.41,C
갯벌,서천군,선도리,선도리갯벌,43.41,C
갯바위,삼척시,갈남리,갈남해수욕장,43.44,C
갯바위,삼척시,갈남리,갈남해수욕장,43.45,C
갯바위,부산시,이기대,이기대갯바위,43.55,C
갯바위,부산시,대변항,대변항 북측 갯바위,43.56,C
갯바위,삼척시,갈남리,갈남해수욕장,43.58,C
갯바위,부산시,이기대,이기대갯바위,43.58,C
갯바위,삼척시,갈남리,갈남해수욕장,43.6,C
갯벌,서천군,선도리,선도리갯벌,43.61,C
갯바위,삼척시,갈남리,갈남해수욕장,43.62,C
갯벌,태안군,방포항,할미할아비바위,43.64,C
갯바위,부안군,격포리,채석강,43.64,C
갯바위,삼척시,갈남리,갈남해수욕장,43.67,C
갯바위,삼척시,갈남리,갈남해수욕장,43.68,C
갯바위,삼척시,갈남리,갈남해수욕장,43.71,C
갯벌,서천군,선도리,선도리갯벌,43.71,C
방파제,영덕군,축산항,축산방파제,43.73,C
갯바위,삼척시,갈남리,갈남해수욕장,43.76,C
해수욕장,포항시,오도1리,오도리 해수욕장,43.77,C
갯바위,부산시,이기대,이기대갯바위,43.81,C
갯바위,삼척시,갈남리,갈남해수욕장,43.91,C
방파제,영덕군,축산항,축산방파제,43.92,C
방파제,영덕군,축산항,축산방파제,43.92,C
방파제,영덕군,축산항,축산방파제,43.95,C
해수욕장,포항시,오도1리,오도리 해수욕장,43.96,C
갯벌,서천군,선도리,선도리갯벌,43.98,C
갯바위,부산시,이기대,이기대갯바위,43.99,C
갯바위,부산시,이기대,이기대갯바위,44.02,C
갯바위,삼척시,갈남리,갈남해수욕장,44.03,C
갯벌,태안군,방포항,할미할아비바위,44.04,C
갯벌,서천군,선도리,선도리갯벌,44.04,C
갯벌,서천군,선도리,선도리갯벌,44.06,C
갯바위,삼척시,갈남리,갈남해수욕장,44.08,C
갯바위,삼척시,갈남리,갈남해수욕장,44.09,C
방파제,영덕군,축산항,축산방파제,44.13,C
갯벌,서천군,선도리,선도리갯벌,44.14,C
갯바위,삼척시,갈남리,갈남해수욕장,44.16,C
갯바위,부산시,이기대,이기대갯바위,44.16,C
갯바위,삼척시,갈남리,갈남해수욕장,44.22,C
갯바위,부산시,이기대,이기대갯바위,44.22,C
갯바위,부안군,격포리,채석강,44.25,C
갯바위,삼척시,갈남리,갈남해수욕장,44.3,C
방파제,울산시,방어진항,방어진항방파제,44.35,C
갯바위,삼척시,갈남리,갈남해수욕장,44.42,C
방파제,영덕군,축산항,축산방파제,44.42,C
갯벌,서천군,선도리,선도리갯벌,44.45,C
갯바위,삼척시,갈남리,갈남해수욕장,44.46,C
갯벌,서천군,선도리,선도리갯벌,44.49,C
갯바위,부산시,이기대,이기대갯바위,44.5,C
갯바위,부산시,이기대,이기대갯바위,44.5,C
갯바위,삼척시,갈남리,갈남해수욕장,44.58,C
갯바위,삼척시,갈남리,갈남해수욕장,44.61,C
갯바위,삼척시,갈남리,갈남해수욕장,44.62,C
갯벌,서천군,선도리,선도리갯벌,44.63,C
갯바위,삼척시,갈남리,갈남해수욕장,44.64,C
갯바위,삼척시,갈남리,갈남해수욕장,44.66,C
방파제,영덕군,축산항,축산방파제,44.67,C
갯바위,삼척시,갈남리,갈남해수욕장,44.69,C
방파제,영덕군,축산항,축산방파제,44.7,C
갯바위,삼척시,갈남리,갈남해수욕장,44.75,C
갯바위,삼척시,갈남리,갈남해수욕장,44.77,C
갯바위,부산시,이기대,이기대갯바위,44.78,C
갯바위,부산시,이기대,이기대갯바위,44.79,C
갯바위,부산시,이기대,이기대갯바위,44.79,C
갯바위,삼척시,갈남리,갈남해수욕장,44.87,C
갯바위,부안군,격포리,채석강,44.87,C
갯바위,부산시,이기대,이기대갯바위,44.9,C
갯바위,부산시,대변항,대변항 북측 갯바위,44.95,C
갯바위,부산시,이기대,이기대갯바위,44.97,C
갯바위,부산시,대변항,대변항 북측 갯바위,45.01,C
갯벌,서천군,선도리,선도리갯벌,45.01,C
갯바위,부산시,이기대,이기대갯바위,45.06,C
갯바위,삼척시,갈남리,갈남해수욕장,45.12,C
갯바위,삼척시,갈남리,갈남해수욕장,45.14,C
갯벌,태안군,방포항,할미할아비바위,45.16,C
갯벌,서천군,선도리,선도리갯벌,45.19,C
갯바위,삼척시,갈남리,갈남해수욕장,45.24,C
갯바위,부산시,이기대,이기대갯바위,45.25,C
갯벌,서천군,선도리,선도리갯벌,45.3,C
갯바위,삼척시,갈남리,갈남해수욕장,45.33,C
갯바위,삼척시,갈남리,갈남해수욕장,45.33,C
갯바위,부안군,격포리,채석강,45.36,C
갯바위,삼척시,갈남리,갈남해수욕장,45.37,C
갯벌,서천군,선도리,선도리갯벌,45.42,C
갯벌,태안군,방포항,할미할아비바위,45.43,C
방파제,영덕군,축산항,축산방파제,45.44,C
갯벌,서천군,선도리,선도리갯벌,45.48,C
갯벌,서천군,선도리,선도리갯벌,45.48,C
갯벌,서천군,선도리,선도리갯벌,45.49,C
갯바위,부산시,이기대,이기대갯바위,45.51,C
갯벌,태안군,방포항,할미할아비바위,45.53,C
갯바위,삼척시,갈남리,갈남해수욕장,45.56,C
갯바위,삼척시,갈남리,갈남해수욕장,45.57,C
갯바위,삼척시,갈남리,갈남해수욕장,45.59,C
갯바위,부산시,이기대,이기대갯바위,45.59,C
방파제,영덕군,축산항,축산방파제,45.59,C
방파제,영덕군,축산항,축산방파제,45.64,C
갯바위,삼척시,갈남리,갈남해수욕장,45.65,C
갯바위,삼척시,갈남리,갈남해수욕장,45.68,C
방파제,영덕군,축산항,축산방파제,45.69,C
갯바위,삼척시,갈남리,갈남해수욕장,45.79,C
갯벌,서천군,선도리,선도리갯벌,45.79,C
갯바위,삼척시,갈남리,갈남해수욕장,45.8,C
갯벌,서천군,선도리,선도리갯벌,45.83,C
갯바위,부산시,이기대,이기대갯바위,45.84,C
갯벌,서천군,선도리,선도리갯벌,45.86,C
갯벌,서천군,선도리,선도리갯벌,45.92,C
갯벌,서천군,선도리,선도리갯벌,45.96,C
갯바위,삼척시,갈남리,갈남해수욕장,46,C
갯바위,부산시,이기대,이기대갯바위,46.04,C
갯바위,삼척시,갈남리,갈남해수욕장,46.06,C
갯바위,삼척시,갈남리,갈남해수욕장,46.08,C
방파제,영덕군,축산항,축산방파제,46.11,C
갯벌,태안군,방포항,할미할아비바위,46.13,C
갯바위,부산시,이기대,이기대갯바위,46.16,C
갯벌,서천군,선도리,선도리갯벌,46.18,C
갯바위,삼척시,갈남리,갈남해수욕장,46.2,C
갯바위,부산시,이기대,이기대갯바위,46.2,C
갯바위,삼척시,갈남리,갈남해수욕장,46.22,C
갯바위,부안군,격포리,채석강,46.23,C
갯바위,부산시,이기대,이기대갯바위,46.25,C
갯바위,삼척시,갈남리,갈남해수욕장,46.26,C
갯바위,부산시,이기대,이기대갯바위,46.28,C
갯바위,삼척시,갈남리,갈남해수욕장,46.32,C
갯바위,삼척시,갈남리,갈남해수욕장,46.33,C
갯바위,삼척시,갈남리,갈남해수욕장,46.36,C
갯바위,삼척시,갈남리,갈남해수욕장,46.38,C
해수욕장,포항시,오도1리,오도리 해수욕장,46.4,C
갯바위,부산시,대변항,대변항 북측 갯바위,46.4,C
갯바위,삼척시,갈남리,갈남해수욕장,46.44,C
갯바위,삼척시,갈남리,갈남해수욕장,46.48,C
갯바위,부산시,이기대,이기대갯바위,46.51,C
갯벌,태안군,방포항,할미할아비바위,46.54,C
갯벌,서천군,선도리,선도리갯벌,46.55,C
갯벌,서천군,선도리,선도리갯벌,46.56,C
갯바위,삼척시,갈남리,갈남해수욕장,46.59,C
갯바위,삼척시,갈남리,갈남해수욕장,46.63,C
갯벌,태안군,방포항,할미할아비바위,46.65,C
갯바위,삼척시,갈남리,갈남해수욕장,46.67,C
갯벌,서천군,선도리,선도리갯벌,46.68,C
갯바위,삼척시,갈남리,갈남해수욕장,46.69,C
갯바위,삼척시,갈남리,갈남해수욕장,46.73,C
갯바위,부산시,이기대,이기대갯바위,46.75,C
갯바위,삼척시,갈남리,갈남해수욕장,46.77,C
갯벌,서천군,선도리,선도리갯벌,46.78,C
갯바위,삼척시,갈남리,갈남해수욕장,46.8,C
갯바위,삼척시,갈남리,갈남해수욕장,46.81,C
갯바위,부산시,이기대,이기대갯바위,46.86,C
방파제,영덕군,축산항,축산방파제,46.9,C
갯바위,부산시,이기대,이기대갯바위,46.91,C
갯벌,태안군,방포항,할미할아비바위,46.95,C
갯바위,삼척시,갈남리,갈남해수욕장,46.98,C
갯벌,서천군,선도리,선도리갯벌,47.04,C
해수욕장,포항시,오도1리,오도리 해수욕장,47.06,C
방파제,영덕군,축산항,축산방파제,47.13,C
갯바위,부산시,이기대,이기대갯바위,47.17,C
갯바위,삼척시,갈남리,갈남해수욕장,47.19,C
갯벌,서천군,선도리,선도리갯벌,47.19,C
갯바위,삼척시,갈남리,갈남해수욕장,47.24,C
방파제,영덕군,축산항,축산방파제,47.25,C
갯바위,삼척시,갈남리,갈남해수욕장,47.3,C
갯바위,삼척시,갈남리,갈남해수욕장,47.3,C
갯바위,삼척시,갈남리,갈남해수욕장,47.33,C
방파제,영덕군,축산항,축산방파제,47.35,C
갯바위,삼척시,갈남리,갈남해수욕장,47.4,C
갯바위,부산시,이기대,이기대갯바위,47.43,C
갯벌,태안군,방포항,할미할아비바위,47.45,C
해수욕장,포항시,오도1리,오도리 해수욕장,47.46,C
갯벌,서천군,선도리,선도리갯벌,47.47,C
갯바위,삼척시,갈남리,갈남해수욕장,47.48,C
갯바위,부산시,이기대,이기대갯바위,47.49,C
갯바위,삼척시,갈남리,갈남해수욕장,47.51,C
갯바위,부안군,격포리,채석강,47.52,C
갯바위,삼척시,갈남리,갈남해수욕장,47.58,C
갯바위,삼척시,갈남리,갈남해수욕장,47.59,C
갯바위,삼척시,갈남리,갈남해수욕장,47.6,C
갯벌,서천군,선도리,선도리갯벌,47.61,C
갯바위,삼척시,갈남리,갈남해수욕장,47.62,C
갯벌,서천군,선도리,선도리갯벌,47.64,C
갯바위,삼척시,갈남리,갈남해수욕장,47.66,C
방파제,영덕군,축산항,축산방파제,47.68,C
방파제,영덕군,축산항,축산방파제,47.69,C
갯바위,삼척시,갈남리,갈남해수욕장,47.84,C
갯바위,부산시,이기대,이기대갯바위,47.84,C
갯벌,서천군,선도리,선도리갯벌,47.85,C
갯벌,서천군,선도리,선도리갯벌,47.89,C
갯벌,태안군,방포항,할미할아비바위,47.92,C
갯바위,삼척시,갈남리,갈남해수욕장,48.02,C
갯바위,부산시,이기대,이기대갯바위,48.02,C
갯바위,삼척시,갈남리,갈남해수욕장,48.05,C
갯벌,서천군,선도리,선도리갯벌,48.1,C
갯벌,서천군,선도리,선도리갯벌,48.11,C
갯바위,삼척시,갈남리,갈남해수욕장,48.14,C
갯바위,부산시,대변항,대변항 북측 갯바위,48.16,C
갯바위,삼척시,갈남리,갈남해수욕장,48.17,C
갯바위,부산시,이기대,이기대갯바위,48.21,C
갯벌,서천군,선도리,선도리갯벌,48.21,C
갯벌,서천군,선도리,선도리갯벌,48.24,C
갯바위,삼척시,갈남리,갈남해수욕장,48.28,C
갯바위,부산시,이기대,이기대갯바위,48.29,C
갯바위,삼척시,갈남리,갈남해수욕장,48.35,C
갯벌,서천군,선도리,선도리갯벌,48.35,C
갯바위,삼척시,갈남리,갈남해수욕장,48.36,C
갯바위,부산시,이기대,이기대갯바위,48.36,C
갯바위,삼척시,갈남리,갈남해수욕장,48.37,C
방파제,영덕군,축산항,축산방파제,48.37,C
갯바위,삼척시,갈남리,갈남해수욕장,48.48,C
갯바위,부산시,이기대,이기대갯바위,48.48,C
갯벌,서천군,선도리,선도리갯벌,48.48,C
갯벌,서천군,선도리,선도리갯벌,48.5,C
갯벌,서천군,선도리,선도리갯벌,48.54,C
갯벌,서천군,선도리,선도리갯벌,48.57,C
갯벌,서천군,선도리,선도리갯벌,48.62,C
갯바위,부산시,이기대,이기대갯바위,48.66,C
갯바위,부산시,대변항,대변항 북측 갯바위,48.71,C
갯바위,삼척시,갈남리,갈남해수욕장,48.75,C
갯바위,삼척시,갈남리,갈남해수욕장,48.84,C
갯바위,부산시,이기대,이기대갯바위,48.88,C
갯바위,부산시,이기대,이기대갯바위,48.92,C
갯바위,삼척시,갈남리,갈남해수욕장,48.98,C
갯바위,삼척시,갈남리,갈남해수욕장,48.99,C
갯바위,삼척시,갈남리,갈남해수욕장,49.03,C
방파제,영덕군,축산항,축산방파제,49.09,C
갯바위,삼척시,갈남리,갈남해수욕장,49.1,C
갯바위,부산시,이기대,이기대갯바위,49.1,C
갯바위,삼척시,갈남리,갈남해수욕장,49.11,C
갯벌,서천군,선도리,선도리갯벌,49.12,C
갯벌,서천군,선도리,선도리갯벌,49.13,C
방파제,영덕군,축산항,축산방파제,49.14,C
갯바위,삼척시,갈남리,갈남해수욕장,49.16,C
해수욕장,포항시,오도1리,오도리 해수욕장,49.26,C
갯벌,서천군,선도리,선도리갯벌,49.29,C
갯바위,부산시,이기대,이기대갯바위,49.3,C
갯바위,삼척시,갈남리,갈남해수욕장,49.34,C
갯바위,부산시,대변항,대변항 북측 갯바위,49.35,C
갯벌,서천군,선도리,선도리갯벌,49.35,C
갯벌,서천군,선도리,선도리갯벌,49.41,C
방파제,영덕군,축산항,축산방파제,49.51,C
갯바위,삼척시,갈남리,갈남해수욕장,49.53,C
방파제,울산시,방어진항,방어진항방파제,49.53,C
갯벌,태안군,방포항,할미할아비바위,49.54,C
갯바위,부산시,이기대,이기대갯바위,49.55,C
갯바위,부산시,이기대,이기대갯바위,49.55,C
갯바위,부산시,이기대,이기대갯바위,49.57,C
갯바위,삼척시,갈남리,갈남해수욕장,49.61,C
갯바위,삼척시,갈남리,갈남해수욕장,49.62,C
갯벌,서천군,선도리,선도리갯벌,49.7,C
갯바위,삼척시,갈남리,갈남해수욕장,49.74,C
갯바위,부산시,이기대,이기대갯바위,49.78,C
갯벌,서천군,선도리,선도리갯벌,49.79,C
갯바위,삼척시,갈남리,갈남해수욕장,49.8,C
갯바위,삼척시,갈남리,갈남해수욕장,49.81,C
갯바위,삼척시,갈남리,갈남해수욕장,49.82,C
갯바위,부산시,이기대,이기대갯바위,49.84,C
갯바위,삼척시,갈남리,갈남해수욕장,49.88,C
갯바위,삼척시,갈남리,갈남해수욕장,49.91,C
갯벌,화성시,제부도,매바위,49.94,C
갯벌,태안군,방포항,할미할아비바위,50.1,C
갯바위,삼척시,갈남리,갈남해수욕장,50.14,C
갯벌,서천군,선도리,선도리갯벌,50.18,C
갯바위,부산시,이기대,이기대갯바위,50.2,C
갯바위,부산시,이기대,이기대갯바위,50.25,C
갯바위,삼척시,갈남리,갈남해수욕장,50.33,C
갯바위,삼척시,갈남리,갈남해수욕장,50.49,C
갯바위,삼척시,갈남리,갈남해수욕장,50.55,C
방파제,영덕군,축산항,축산방파제,50.57,C
갯바위,부산시,대변항,대변항 북측 갯바위,50.62,C
갯바위,삼척시,갈남리,갈남해수욕장,50.65,C
갯바위,부산시,이기대,이기대갯바위,50.65,C
갯바위,부산시,이기대,이기대갯바위,50.66,C
갯바위,삼척시,갈남리,갈남해수욕장,50.68,C
갯바위,삼척시,갈남리,갈남해수욕장,50.69,C
갯바위,삼척시,갈남리,갈남해수욕장,50.83,C
갯바위,부산시,이기대,이기대갯바위,50.83,C
갯벌,서천군,선도리,선도리갯벌,50.86,C
갯바위,부산시,대변항,대변항 북측 갯바위,50.87,C
갯바위,삼척시,갈남리,갈남해수욕장,50.89,C
갯바위,삼척시,갈남리,갈남해수욕장,50.9,C
갯벌,서천군,선도리,선도리갯벌,50.91,C
갯바위,부산시,이기대,이기대갯바위,50.96,C
갯바위,삼척시,갈남리,갈남해수욕장,50.98,C
갯벌,서천군,선도리,선도리갯벌,50.99,C
갯바위,부산시,이기대,이기대갯바위,51.02,C
갯벌,서천군,선도리,선도리갯벌,51.04,C
갯바위,삼척시,갈남리,갈남해수욕장,51.05,C
갯바위,부산시,이기대,이기대갯바위,51.07,C
갯바위,부산시,이기대,이기대갯바위,51.15,C
갯바위,삼척시,갈남리,갈남해수욕장,51.18,C
갯바위,삼척시,갈남리,갈남해수욕장,51.24,C
해수욕장,포항시,오도1리,오도리 해수욕장,51.25,C
갯벌,태안군,방포항,할미할아비바위,51.26,C
갯벌,서천군,선도리,선도리갯벌,51.26,C
갯바위,부산시,대변항,대변항 북측 갯바위,51.27,C
갯바위,삼척시,갈남리,갈남해수욕장,51.29,C
갯바위,삼척시,갈남리,갈남해수욕장,51.3,C
갯바위,삼척시,갈남리,갈남해수욕장,51.34,C
갯바위,삼척시,갈남리,갈남해수욕장,51.34,C
갯벌,서천군,선도리,선도리갯벌,51.35,C
갯벌,서천군,선도리,선도리갯벌,51.39,C
갯바위,삼척시,갈남리,갈남해수욕장,51.4,C
갯벌,서천군,선도리,선도리갯벌,51.43,C
갯벌,태안군,방포항,할미할아비바위,51.44,C
갯바위,부산시,이기대,이기대갯바위,51.49,C
갯벌,서천군,선도리,선도리갯벌,51.49,C
갯바위,부산시,이기대,이기대갯바위,51.51,C
갯바위,부산시,이기대,이기대갯바위,51.52,C
갯벌,서천군,선도리,선도리갯벌,51.53,C
갯벌,서천군,선도리,선도리갯벌,51.56,C
갯바위,삼척시,갈남리,갈남해수욕장,51.57,C
갯바위,부산시,이기대,이기대갯바위,51.59,C
갯바위,삼척시,갈남리,갈남해수욕장,51.64,C
갯바위,부산시,대변항,대변항 북측 갯바위,51.66,C
갯바위,삼척시,갈남리,갈남해수욕장,51.72,C
갯바위,부안군,격포리,채석강,51.77,C
갯벌,서천군,선도리,선도리갯벌,51.8,C
갯벌,서천군,선도리,선도리갯벌,51.85,C
갯바위,삼척시,갈남리,갈남해수욕장,51.87,C
갯바위,삼척시,갈남리,갈남해수욕장,51.89,C
갯바위,삼척시,갈남리,갈남해수욕장,51.9,C
갯바위,부산시,이기대,이기대갯바위,51.95,C
갯벌,태안군,방포항,할미할아비바위,51.99,C
갯바위,삼척시,갈남리,갈남해수욕장,52.07,C
갯바위,삼척시,갈남리,갈남해수욕장,52.07,C
갯바위,삼척시,갈남리,갈남해수욕장,52.1,C
갯벌,태안군,방포항,할미할아비바위,52.11,C
해수욕장,포항시,오도1리,오도리 해수욕장,52.16,C
갯벌,서천군,선도리,선도리갯벌,52.19,C
갯바위,삼척시,갈남리,갈남해수욕장,52.23,C
갯바위,부산시,이기대,이기대갯바위,52.27,C
갯바위,삼척시,갈남리,갈남해수욕장,52.28,C
갯바위,삼척시,갈남리,갈남해수욕장,52.29,C
갯바위,부산시,이기대,이기대갯바위,52.33,C
갯바위,삼척시,갈남리,갈남해수욕장,52.34,C
갯바위,삼척시,갈남리,갈남해수욕장,52.37,C
갯바위,부산시,이기대,이기대갯바위,52.37,C
갯바위,삼척시,갈남리,갈남해수욕장,52.39,C
갯벌,서천군,선도리,선도리갯벌,52.47,C
갯바위,삼척시,갈남리,갈남해수욕장,52.51,C
갯바위,부산시,이기대,이기대갯바위,52.51,C
갯벌,서천군,선도리,선도리갯벌,52.52,C
갯바위,삼척시,갈남리,갈남해수욕장,52.53,C
갯바위,부산시,이기대,이기대갯바위,52.54,C
갯벌,서천군,선도리,선도리갯벌,52.55,C
갯벌,태안군,방포항,할미할아비바위,52.59,C
갯벌,서천군,선도리,선도리갯벌,52.59,C
갯벌,서천군,선도리,선도리갯벌,52.59,C
갯바위,삼척시,갈남리,갈남해수욕장,52.65,C
갯바위,부산시,이기대,이기대갯바위,52.69,C
갯바위,삼척시,갈남리,갈남해수욕장,52.7,C
갯바위,삼척시,갈남리,갈남해수욕장,52.71,C
갯바위,삼척시,갈남리,갈남해수욕장,52.75,C
갯바위,부산시,이기대,이기대갯바위,52.75,C
갯바위,부안군,격포리,채석강,52.82,C
갯바위,삼척시,갈남리,갈남해수욕장,52.88,C
갯벌,태안군,방포항,할미할아비바위,52.89,C
갯바위,부산시,이기대,이기대갯바위,52.92,C
갯바위,삼척시,갈남리,갈남해수욕장,52.96,C
갯벌,서천군,선도리,선도리갯벌,52.97,C
갯바위,삼척시,갈남리,갈남해수욕장,53.01,C
갯바위,삼척시,갈남리,갈남해수욕장,53.01,C
갯벌,서천군,선도리,선도리갯벌,53.05,C
갯바위,부산시,이기대,이기대갯바위,53.08,C
갯바위,삼척시,갈남리,갈남해수욕장,53.11,C
갯바위,부산시,이기대,이기대갯바위,53.11,C
갯벌,서천군,선도리,선도리갯벌,53.11,C
갯바위,삼척시,갈남리,갈남해수욕장,53.16,C
갯벌,서천군,선도리,선도리갯벌,53.21,C
갯바위,부산시,이기대,이기대갯바위,53.23,C
갯바위,부산시,이기대,이기대갯바위,53.25,C
갯바위,삼척시,갈남리,갈남해수욕장,53.29,C
갯벌,서천군,선도리,선도리갯벌,53.33,C
갯바위,삼척시,갈남리,갈남해수욕장,53.34,C
갯바위,삼척시,갈남리,갈남해수욕장,53.4,C
갯바위,부산시,이기대,이기대갯바위,53.4,C
갯바위,삼척시,갈남리,갈남해수욕장,53.41,C
방파제,영덕군,축산항,축산방파제,53.43,C
갯벌,서천군,선도리,선도리갯벌,53.5,C
갯벌,서천군,선도리,선도리갯벌,53.55,C
갯벌,서천군,선도리,선도리갯벌,53.57,C
갯벌,태안군,방포항,할미할아비바위,53.63,C
갯바위,부산시,이기대,이기대갯바위,53.65,C
갯바위,삼척시,갈남리,갈남해수욕장,53.71,C
갯바위,삼척시,갈남리,갈남해수욕장,53.86,C
갯바위,삼척시,갈남리,갈남해수욕장,53.87,C
갯바위,부산시,이기대,이기대갯바위,53.89,C
방파제,영덕군,축산항,축산방파제,53.91,C
방파제,영덕군,축산항,축산방파제,53.95,C
갯벌,서천군,선도리,선도리갯벌,53.98,C
갯바위,삼척시,갈남리,갈남해수욕장,53.99,C
방파제,영덕군,축산항,축산방파제,54.05,C
갯바위,삼척시,갈남리,갈남해수욕장,54.08,C
갯바위,삼척시,갈남리,갈남해수욕장,54.14,C
갯벌,태안군,방포항,할미할아비바위,54.16,C
갯벌,서천군,선도리,선도리갯벌,54.16,C
갯벌,서천군,선도리,선도리갯벌,54.29,C
갯바위,부산시,이기대,이기대갯바위,54.3,C
갯바위,부산시,대변항,대변항 북측 갯바위,54.31,C
갯바위,삼척시,갈남리,갈남해수욕장,54.43,C
갯벌,태안군,방포항,할미할아비바위,54.43,C
갯바위,삼척시,갈남리,갈남해수욕장,54.45,C
갯벌,화성시,제부도,매바위,54.45,C
갯벌,서천군,선도리,선도리갯벌,54.45,C
갯벌,서천군,선도리,선도리갯벌,54.53,C
갯벌,태안군,방포항,할미할아비바위,54.54,C
갯바위,부산시,이기대,이기대갯바위,54.55,C
갯바위,부산시,이기대,이기대갯바위,54.58,C
갯바위,부산시,이기대,이기대갯바위,54.6,C
갯벌,서천군,선도리,선도리갯벌,54.6,C
갯벌,태안군,방포항,할미할아비바위,54.73,C
갯바위,삼척시,갈남리,갈남해수욕장,54.74,C
갯바위,삼척시,갈남리,갈남해수욕장,54.85,C
갯바위,삼척시,갈남리,갈남해수욕장,55.03,C
갯벌,태안군,방포항,할미할아비바위,55.13,C
갯벌,서천군,선도리,선도리갯벌,55.15,C
갯바위,삼척시,갈남리,갈남해수욕장,55.16,C
갯바위,삼척시,갈남리,갈남해수욕장,55.19,C
갯바위,삼척시,갈남리,갈남해수욕장,55.2,C
갯벌,태안군,방포항,할미할아비바위,55.24,C
갯벌,서천군,선도리,선도리갯벌,55.27,C
방파제,영덕군,축산항,축산방파제,55.37,C
갯바위,부산시,이기대,이기대갯바위,55.41,C
갯바위,부산시,이기대,이기대갯바위,55.42,C
갯바위,부산시,이기대,이기대갯바위,55.55,C
갯벌,서천군,선도리,선도리갯벌,55.68,C
갯바위,삼척시,갈남리,갈남해수욕장,55.71,C
갯바위,부산시,이기대,이기대갯바위,55.75,C
갯벌,서천군,선도리,선도리갯벌,55.76,C
갯벌,서천군,선도리,선도리갯벌,55.86,C
갯바위,부산시,이기대,이기대갯바위,55.91,C
갯벌,서천군,선도리,선도리갯벌,56.05,C
갯바위,부산시,이기대,이기대갯바위,56.06,C
갯벌,서천군,선도리,선도리갯벌,56.08,C
갯벌,서천군,선도리,선도리갯벌,56.09,C
갯바위,삼척시,갈남리,갈남해수욕장,56.13,C
갯바위,삼척시,갈남리,갈남해수욕장,56.17,C
갯바위,부산시,이기대,이기대갯바위,56.26,C
갯바위,부안군,격포리,채석강,56.26,C
갯바위,삼척시,갈남리,갈남해수욕장,56.28,C
갯바위,부산시,이기대,이기대갯바위,56.29,C
갯벌,서천군,선도리,선도리갯벌,56.31,C
갯벌,화성시,제부도,매바위,56.33,C
갯벌,서천군,선도리,선도리갯벌,56.34,C
갯바위,삼척시,갈남리,갈남해수욕장,56.36,C
갯바위,삼척시,갈남리,갈남해수욕장,56.37,C
갯벌,서천군,선도리,선도리갯벌,56.41,C
갯바위,삼척시,갈남리,갈남해수욕장,56.5,C
갯바위,삼척시,갈남리,갈남해수욕장,56.5,C
갯바위,삼척시,갈남리,갈남해수욕장,56.51,C
갯바위,삼척시,갈남리,갈남해수욕장,56.51,C
갯바위,삼척시,갈남리,갈남해수욕장,56.66,C
갯바위,부안군,격포리,채석강,56.68,C
갯바위,삼척시,갈남리,갈남해수욕장,56.71,C
갯벌,서천군,선도리,선도리갯벌,56.76,C
갯바위,부산시,이기대,이기대갯바위,56.79,C
갯바위,부산시,이기대,이기대갯바위,56.88,C
갯바위,삼척시,갈남리,갈남해수욕장,56.9,C
갯바위,삼척시,갈남리,갈남해수욕장,56.92,C
갯바위,부산시,이기대,이기대갯바위,57.11,C
갯바위,부산시,이기대,이기대갯바위,57.22,C
갯벌,서천군,선도리,선도리갯벌,57.22,C
갯벌,서천군,선도리,선도리갯벌,57.23,C
갯바위,삼척시,갈남리,갈남해수욕장,57.3,C
갯벌,서천군,선도리,선도리갯벌,57.31,C
갯바위,삼척시,갈남리,갈남해수욕장,57.33,C
갯바위,삼척시,갈남리,갈남해수욕장,57.45,C
갯바위,삼척시,갈남리,갈남해수욕장,57.47,C
갯벌,서천군,선도리,선도리갯벌,57.52,C
갯바위,삼척시,갈남리,갈남해수욕장,57.6,C
갯벌,서천군,선도리,선도리갯벌,57.63,C
갯벌,서천군,선도리,선도리갯벌,57.65,C
갯벌,서천군,선도리,선도리갯벌,57.67,C
갯벌,태안군,방포항,할미할아비바위,57.71,C
갯바위,부산시,이기대,이기대갯바위,57.77,C
갯벌,서천군,선도리,선도리갯벌,57.82,C
갯바위,부산시,이기대,이기대갯바위,57.88,C
갯바위,부산시,이기대,이기대갯바위,57.94,C
갯벌,서천군,선도리,선도리갯벌,58.08,C
갯벌,서천군,선도리,선도리갯벌,58.1,C
갯벌,서천군,선도리,선도리갯벌,58.19,C
갯바위,부산시,이기대,이기대갯바위,58.21,C
갯바위,부산시,이기대,이기대갯바위,58.29,C
갯벌,서천군,선도리,선도리갯벌,58.36,C
갯바위,부산시,대변항,대변항 북측 갯바위,58.45,C
갯벌,서천군,선도리,선도리갯벌,58.49,C
갯바위,삼척시,갈남리,갈남해수욕장,58.51,C
갯바위,삼척시,갈남리,갈남해수욕장,58.53,C
갯바위,부산시,이기대,이기대갯바위,58.61,C
갯벌,서천군,선도리,선도리갯벌,58.66,C
갯벌,태안군,방포항,할미할아비바위,58.67,C
갯벌,서천군,선도리,선도리갯벌,58.77,C
갯바위,삼척시,갈남리,갈남해수욕장,58.79,C
갯벌,태안군,방포항,할미할아비바위,58.82,C
갯바위,부산시,이기대,이기대갯바위,58.94,C
갯바위,삼척시,갈남리,갈남해수욕장,59.02,C
갯바위,삼척시,갈남리,갈남해수욕장,59.17,C
갯바위,부산시,이기대,이기대갯바위,59.19,C
갯벌,서천군,선도리,선도리갯벌,59.28,C
갯벌,서천군,선도리,선도리갯벌,59.46,C
갯벌,태안군,방포항,할미할아비바위,59.58,C
갯바위,삼척시,갈남리,갈남해수욕장,59.61,C
갯바위,삼척시,갈남리,갈남해수욕장,59.68,C
갯벌,태안군,방포항,할미할아비바위,59.83,C
갯벌,서천군,선도리,선도리갯벌,59.97,C
갯벌,서천군,선도리,선도리갯벌,60,D
갯벌,서천군,선도리,선도리갯벌,60.16,D
해수욕장,포항시,오도1리,오도리 해수욕장,60.17,D
갯바위,삼척시,갈남리,갈남해수욕장,60.26,D
갯바위,삼척시,갈남리,갈남해수욕장,60.31,D
갯바위,부안군,격포리,채석강,60.33,D
갯바위,부산시,이기대,이기대갯바위,60.39,D
갯벌,서천군,선도리,선도리갯벌,60.39,D
갯바위,삼척시,갈남리,갈남해수욕장,60.41,D
갯바위,삼척시,갈남리,갈남해수욕장,60.57,D
갯바위,부산시,이기대,이기대갯바위,60.59,D
갯바위,부산시,이기대,이기대갯바위,60.81,D
갯바위,삼척시,갈남리,갈남해수욕장,60.84,D
갯바위,삼척시,갈남리,갈남해수욕장,61.28,D
갯벌,태안군,방포항,할미할아비바위,61.38,D
갯벌,서천군,선도리,선도리갯벌,61.39,D
갯벌,서천군,선도리,선도리갯벌,61.6,D
갯바위,부안군,격포리,채석강,61.63,D
갯벌,서천군,선도리,선도리갯벌,61.77,D
해수욕장,포항시,오도1리,오도리 해수욕장,61.79,D
갯바위,부안군,격포리,채석강,61.8,D
갯바위,부산시,이기대,이기대갯바위,61.89,D
갯벌,태안군,방포항,할미할아비바위,61.95,D
갯바위,부산시,이기대,이기대갯바위,62.01,D
갯바위,부산시,이기대,이기대갯바위,62.12,D
갯바위,삼척시,갈남리,갈남해수욕장,62.14,D
갯벌,서천군,선도리,선도리갯벌,62.15,D
갯바위,삼척시,갈남리,갈남해수욕장,62.16,D
갯바위,삼척시,갈남리,갈남해수욕장,62.21,D
갯바위,삼척시,갈남리,갈남해수욕장,62.34,D
갯바위,삼척시,갈남리,갈남해수욕장,62.65,D
갯벌,서천군,선도리,선도리갯벌,62.77,D
갯바위,삼척시,갈남리,갈남해수욕장,62.85,D
갯바위,부산시,이기대,이기대갯바위,62.88,D
해수욕장,포항시,오도1리,오도리 해수욕장,62.91,D
갯바위,삼척시,갈남리,갈남해수욕장,63.09,D
갯바위,삼척시,갈남리,갈남해수욕장,63.22,D
갯바위,삼척시,갈남리,갈남해수욕장,63.46,D
갯바위,부안군,격포리,채석강,63.53,D
갯벌,서천군,선도리,선도리갯벌,63.58,D
갯바위,삼척시,갈남리,갈남해수욕장,63.63,D
갯벌,서천군,선도리,선도리갯벌,63.64,D
갯벌,서천군,선도리,선도리갯벌,63.67,D
갯바위,부안군,격포리,채석강,63.87,D
갯벌,화성시,제부도,매바위,63.9,D
갯벌,서천군,선도리,선도리갯벌,63.91,D
갯바위,삼척시,갈남리,갈남해수욕장,63.98,D
갯벌,서천군,선도리,선도리갯벌,64.02,D
갯바위,부산시,이기대,이기대갯바위,64.07,D
갯바위,삼척시,갈남리,갈남해수욕장,64.09,D
갯바위,삼척시,갈남리,갈남해수욕장,64.15,D
갯바위,삼척시,갈남리,갈남해수욕장,64.16,D
갯벌,서천군,선도리,선도리갯벌,64.28,D
갯바위,부산시,이기대,이기대갯바위,64.36,D
갯벌,서천군,선도리,선도리갯벌,64.48,D
갯벌,서천군,선도리,선도리갯벌,64.52,D
갯바위,삼척시,갈남리,갈남해수욕장,64.89,D
갯바위,부산시,이기대,이기대갯바위,64.92,D
갯바위,부안군,격포리,채석강,64.98,D
갯바위,부산시,이기대,이기대갯바위,65.04,D
갯바위,삼척시,갈남리,갈남해수욕장,65.17,D
갯벌,서천군,선도리,선도리갯벌,65.37,D
갯바위,부산시,이기대,이기대갯바위,65.38,D
갯바위,삼척시,갈남리,갈남해수욕장,65.52,D
갯바위,부산시,이기대,이기대갯바위,65.74,D
갯벌,태안군,방포항,할미할아비바위,65.94,D
갯벌,서천군,선도리,선도리갯벌,65.95,D
갯바위,부산시,이기대,이기대갯바위,65.98,D
갯바위,삼척시,갈남리,갈남해수욕장,66.01,D
갯바위,삼척시,갈남리,갈남해수욕장,66.03,D
갯바위,삼척시,갈남리,갈남해수욕장,66.12,D
갯바위,부산시,이기대,이기대갯바위,66.46,D
갯바위,부산시,이기대,이기대갯바위,66.57,D
갯바위,삼척시,갈남리,갈남해수욕장,66.67,D
갯바위,삼척시,갈남리,갈남해수욕장,66.79,D
갯바위,부안군,격포리,채석강,67.34,D
갯바위,삼척시,갈남리,갈남해수욕장,67.38,D
갯바위,삼척시,갈남리,갈남해수욕장,67.77,D
갯바위,삼척시,갈남리,갈남해수욕장,67.77,D
해수욕장,포항시,오도1리,오도리 해수욕장,67.81,D
갯바위,삼척시,갈남리,갈남해수욕장,68.95,D
갯바위,삼척시,갈남리,갈남해수욕장,69.33,D
갯바위,부안군,격포리,채석강,69.45,D
갯바위,부산시,이기대,이기대갯바위,69.53,D
갯바위,삼척시,갈남리,갈남해수욕장,69.71,D
갯바위,삼척시,갈남리,갈남해수욕장,69.71,D
갯바위,삼척시,갈남리,갈남해수욕장,69.9,D
갯바위,삼척시,갈남리,갈남해수욕장,70.46,D
갯바위,삼척시,갈남리,갈남해수욕장,70.74,D
갯바위,삼척시,갈남리,갈남해수욕장,71.21,D
갯바위,부산시,이기대,이기대갯바위,71.66,D
갯바위,삼척시,갈남리,갈남해수욕장,71.74,D
갯바위,삼척시,갈남리,갈남해수욕장,72.05,D
갯바위,삼척시,갈남리,갈남해수욕장,72.74,D
갯바위,삼척시,갈남리,갈남해수욕장,74.13,D
갯바위,삼척시,갈남리,갈남해수욕장,74.18,D
갯바위,삼척시,갈남리,갈남해수욕장,74.2,D
갯바위,삼척시,갈남리,갈남해수욕장,76.21,D
갯바위,삼척시,갈남리,갈남해수욕장,76.61,D
갯바위,삼척시,갈남리,갈남해수욕장,77.23,D
갯바위,부안군,격포리,채석강,78.8,D
갯바위,삼척시,갈남리,갈남해수욕장,78.94,D
갯벌,태안군,방포항,할미할아비바위,80.84,E
갯벌,서천군,선도리,선도리갯벌,81.62,E
갯바위,부안군,격포리,채석강,87.2,E
